id,post_parent,image,image_gallery,post_title,post_content,post_excerpt,post_name,post_date,_sku,product_cat,product_tag,_regular_price,_sale_price,_sale_price_dates_from,_sale_price_dates_to,_featured,_tax_status,_tax_class,_weight,_height,_width,_length,_stock,_stock_status,_manage_stock,_backorders,_sold_individually,product_shipping_class,grouped_items,_product_adminlink,_purchase_note,post_status,_visibility,_upsell_ids,_crosssell_ids,_downloadable,_virtual,_download_expiry,_download_limit,_downloadable_files,_download_type,_product_url,_button_text,comment_status,menu_order,product_type,_product_permalink,_default_attributes,_custom_attributes,_variation_description,post_author
26433,0,/wp-content/uploads/2017/09/Hellfire-Waves-1.jpg,,AU0142 - Hellfire Waves,"Taken above Hellfire Bay near Esperance in WA.

Another shot of these beautiful colours taken after some heavy rains.","Taken above Hellfire Bay near Esperance in WA.

Another shot of these beautiful colours taken after some heavy rains.",au0142-hellfire-waves,2017-09-16 00:39:22,,,,99,99,,,no,None,Standard,,,,,,instock,no,Do not allow,no,,,post.php?post=26433&action=edit,,publish,Catalog/search,,,no,no,0,0,,,,,no,0,variable,http://aboveunder.com/product/au0142-hellfire-waves/,"type,Matte Paper Poster ;size,10"" x 8""","[object Object],[object Object]",,Mike Cann
26386,0,/wp-content/uploads/2017/09/Dark-Aftermath-of-Esperance-1.jpg,,AU0141 - Dark Aftermath of Esperance,"Taken above Esperance in WA.

I was impressed by how the sand under the water looks just after a wave has gone past.","Taken above Esperance in WA.

I was impressed by how the sand under the water looks just after a wave has gone past.",au0141-dark-aftermath-of-esperance,2017-09-16 00:37:27,,,,99,99,,,no,None,Standard,,,,,,instock,no,Do not allow,no,,,post.php?post=26386&action=edit,,publish,Catalog/search,,,no,no,0,0,,,,,no,0,variable,http://aboveunder.com/product/au0141-dark-aftermath-of-esperance/,"type,Matte Paper Poster ;size,10"" x 8""","[object Object],[object Object]",,Mike Cann
26339,0,/wp-content/uploads/2017/09/Esperance-Beach-1.jpg,,AU0140 - Esperance Beach,"Taken near Esperance in WA.

Just another incredible beach in WA.","Taken near Esperance in WA.

Just another incredible beach in WA.",au0140-esperance-beach,2017-09-16 00:35:53,,,,99,99,,,no,None,Standard,,,,,,instock,no,Do not allow,no,,,post.php?post=26339&action=edit,,publish,Catalog/search,,,no,no,0,0,,,,,no,0,variable,http://aboveunder.com/product/au0140-esperance-beach/,"type,Matte Paper Poster ;size,10"" x 8""","[object Object],[object Object]",,Mike Cann
26292,0,/wp-content/uploads/2017/09/Lucky-Bay-Panorama-1.jpg,,AU0139 - Lucky Bay Panorama,"Taken above Lucky Bay near Esperance in WA.

A panorama of one of the most famous beaches in Australia.","Taken above Lucky Bay near Esperance in WA.

A panorama of one of the most famous beaches in Australia.",au0139-lucky-bay-panorama,2017-09-16 00:34:40,,,,99,99,,,no,None,Standard,,,,,,instock,no,Do not allow,no,,,post.php?post=26292&action=edit,,publish,Catalog/search,,,no,no,0,0,,,,,no,0,variable,http://aboveunder.com/product/au0139-lucky-bay-panorama/,"type,Matte Paper Poster ;size,10"" x 8""","[object Object],[object Object]",,Mike Cann
26246,0,/wp-content/uploads/2017/09/Sunset-Walk-in-Esperance-1.jpg,,AU0138 - Sunset Walk in Esperance,"Taken near Esperance in WA.

A nice relaxing walk at sunset on a beautiful WA beach.","Taken near Esperance in WA.

A nice relaxing walk at sunset on a beautiful WA beach.",au0138-sunset-walk-in-esperance,2017-09-16 00:33:48,,,,99,99,,,no,None,Standard,,,,,,instock,no,Do not allow,no,,,post.php?post=26246&action=edit,,publish,Catalog/search,,,no,no,0,0,,,,,no,0,variable,http://aboveunder.com/product/au0138-sunset-walk-in-esperance/,"type,Matte Paper Poster ;size,10"" x 8""","[object Object],[object Object]",,Mike Cann
26196,0,/wp-content/uploads/2017/09/Sunset-Sky-Surf-in-Esperance-1.jpg,,AU0137 - Sunset Sky Surf in Esperance,"Taken near Esperance in WA.

What better way to enjoy the sunset then a surf.. Perhaps from above in a drone?","Taken near Esperance in WA.

What better way to enjoy the sunset then a surf.. Perhaps from above in a drone?",au0137-sunset-sky-surf-in-esperance,2017-09-16 00:27:43,,,,99,99,,,yes,None,Standard,,,,,,instock,no,Do not allow,no,,,post.php?post=26196&action=edit,,publish,Catalog/search,,,no,no,0,0,,,,,no,0,variable,http://aboveunder.com/product/au0137-sunset-sky-surf-in-esperance/,"type,Matte Paper Poster ;size,10"" x 8""","[object Object],[object Object]",,Mike Cann
26149,0,/wp-content/uploads/2017/09/Hellfire-Bay-Panorama-1.jpg,,AU0136 - Hellfire Bay Panorama,"Taken above Hellfire Bay near Esperance in WA.

The only way to appreciate the stunning beauty of this place is from above.","Taken above Hellfire Bay near Esperance in WA.

The only way to appreciate the stunning beauty of this place is from above.",au0136-hellfire-bay-panorama,2017-09-16 00:26:35,,,,99,99,,,no,None,Standard,,,,,,instock,no,Do not allow,no,,,post.php?post=26149&action=edit,,publish,Catalog/search,,,no,no,0,0,,,,,no,0,variable,http://aboveunder.com/product/au0136-hellfire-bay-panorama/,"type,Matte Paper Poster ;size,10"" x 8""","[object Object],[object Object]",,Mike Cann
26103,0,/wp-content/uploads/2017/09/Side-Wave-of-Esperance-1.jpg,,AU0135 - Side Wave of Esperance,"Taken around Esperance in WA.

I love the way the light refracts off the top of the waves in this shot.","Taken around Esperance in WA.

I love the way the light refracts off the top of the waves in this shot.",au0135-side-wave-of-esperance,2017-09-16 00:25:43,,,,99,99,,,yes,None,Standard,,,,,,instock,no,Do not allow,no,,,post.php?post=26103&action=edit,,publish,Catalog/search,,,no,no,0,0,,,,,no,0,variable,http://aboveunder.com/product/au0135-side-wave-of-esperance/,"type,Matte Paper Poster ;size,10"" x 8""","[object Object],[object Object]",,Mike Cann
26056,0,/wp-content/uploads/2017/09/Esperance-Colours-1.jpg,,AU0134 - Esperance Colours,"Taken above Esperance in WA.

I love the multitude of colours on display around this part of Esperance.","Taken above Esperance in WA.

I love the multitude of colours on display around this part of Esperance.",au0134-esperance-colours,2017-09-16 00:24:51,,,,99,99,,,no,None,Standard,,,,,,instock,no,Do not allow,no,,,post.php?post=26056&action=edit,,publish,Catalog/search,,,no,no,0,0,,,,,no,0,variable,http://aboveunder.com/product/au0134-esperance-colours/,"type,Matte Paper Poster ;size,10"" x 8""","[object Object],[object Object]",,Mike Cann
26010,0,/wp-content/uploads/2017/09/Candyfloss-Waters-in-Esperance-1.jpg,,AU0133 - Candyfloss Waters in Esperance,"Taken in Esperance, WA.

This one is a little different from my usual images. The colours have obviously been tweaked considerably but I really love the striking effect the pink gives. Reminds me of candy-floss.","Taken in Esperance, WA.

This one is a little different from my usual images. The colours have obviously been tweaked considerably but I really love the striking effect the pink gives. Reminds me of candy-floss.",au0133-candyfloss-waters-in-esperance,2017-09-16 00:24:16,,,,99,99,,,yes,None,Standard,,,,,,instock,no,Do not allow,no,,,post.php?post=26010&action=edit,,publish,Catalog/search,,,no,no,0,0,,,,,no,0,variable,http://aboveunder.com/product/au0133-candyfloss-waters-in-esperance/,"type,Matte Paper Poster ;size,10"" x 8""","[object Object],[object Object]",,Mike Cann
25964,0,/wp-content/uploads/2017/09/Turbulent-Clouds-of-Esperance-1.jpg,,AU0132 - Turbulent Clouds of Esperance,"Taken above the waves of Esperance, WA.

I love the way the light plays on the water at sunset here, combined with the stirred up sands, makes for beautiful patterns.","Taken above the waves of Esperance, WA.

I love the way the light plays on the water at sunset here, combined with the stirred up sands, makes for beautiful patterns.",au0132-turbulent-clouds-of-esperance,2017-09-16 00:23:13,,,,99,99,,,yes,None,Standard,,,,,,instock,no,Do not allow,no,,,post.php?post=25964&action=edit,,publish,Catalog/search,,,no,no,0,0,,,,,no,0,variable,http://aboveunder.com/product/au0132-turbulent-clouds-of-esperance/,"type,Matte Paper Poster ;size,10"" x 8""","[object Object],[object Object]",,Mike Cann
25918,0,/wp-content/uploads/2017/09/Hellfire-Mixture-1.jpg,,AU0131 - Hellfire Mixture,"Taken above Hellfire beach in Esperance, WA.

The combination of colours on this beach just after the rain is like nothing else.","Taken above Hellfire beach in Esperance, WA.

The combination of colours on this beach just after the rain is like nothing else.",au0131-hellfire-mixture,2017-09-16 00:22:28,,,,99,99,,,no,None,Standard,,,,,,instock,no,Do not allow,no,,,post.php?post=25918&action=edit,,publish,Catalog/search,,,no,no,0,0,,,,,no,0,variable,http://aboveunder.com/product/au0131-hellfire-mixture/,"type,Matte Paper Poster ;size,10"" x 8""","[object Object],[object Object]",,Mike Cann
25871,0,/wp-content/uploads/2017/09/Esperance-Rainbow-1.jpg,,AU0130 - Esperance Rainbow,"Taken in Esperance in WA.

It was a mad dash to get the drone up as fast as possible to capture the rainbow before it disappeared.","Taken in Esperance in WA.

It was a mad dash to get the drone up as fast as possible to capture the rainbow before it disappeared.",au0130-esperance-rainbow,2017-09-12 11:56:01,,,,99,99,,,no,None,Standard,,,,,,instock,no,Do not allow,no,,,post.php?post=25871&action=edit,,publish,Catalog/search,,,no,no,0,0,,,,,no,0,variable,http://aboveunder.com/product/au0130-esperance-rainbow/,"type,Matte Paper Poster ;size,10"" x 8""","[object Object],[object Object]",,Mike Cann
25824,0,/wp-content/uploads/2017/09/Esperance-Wave-of-Light-1.jpg,,AU0129 - Esperance Wave of Light,"Taken above Esperance in WA.

We took the drone up at the perfect time of the day, the light bounces off the top of the waves creating an incredible bright line of light.","Taken above Esperance in WA.

We took the drone up at the perfect time of the day, the light bounces off the top of the waves creating an incredible bright line of light.",au0129-esperance-wave-of-light,2017-09-12 11:53:41,,,,99,99,,,yes,None,Standard,,,,,,instock,no,Do not allow,no,,,post.php?post=25824&action=edit,,publish,Catalog/search,,,no,no,0,0,,,,,no,0,variable,http://aboveunder.com/product/au0129-esperance-wave-of-light/,"type,Matte Paper Poster ;size,10"" x 8""","[object Object],[object Object]",,Mike Cann
25734,0,/wp-content/uploads/2017/09/Esperance-From-Above-1.jpg,,AU0128 - Esperance From Above,"Taken above Hellfire beach in Esperance, WA.

I just love the rolling hills and white sandy beaches.","Taken above Hellfire beach in Esperance, WA.

I just love the rolling hills and white sandy beaches.",au0128-esperance-from-above,2017-09-12 11:38:21,,,,99,99,,,no,None,Standard,,,,,,instock,no,Do not allow,no,,,post.php?post=25734&action=edit,,publish,Catalog/search,,,no,no,0,0,,,,,no,0,variable,http://aboveunder.com/product/au0128-esperance-from-above/,"type,Matte Paper Poster ;size,10"" x 8""","[object Object],[object Object]",,Mike Cann
25729,0,/wp-content/uploads/2017/09/Esperance-Whites-and-Blacks-1.jpg,,AU0127 - Esperance Whites and Blacks,"Taken above Esperance in WA.

I love the pure white sands of Esperance at this time of the year when they are mixed with the black seaweed.","Taken above Esperance in WA.

I love the pure white sands of Esperance at this time of the year when they are mixed with the black seaweed.",au0127-esperance-whites-and-blacks,2017-09-12 11:38:19,,,,99,99,,,yes,None,Standard,,,,,,instock,no,Do not allow,no,,,post.php?post=25729&action=edit,,publish,Catalog/search,,,no,no,0,0,,,,,no,0,variable,http://aboveunder.com/product/au0127-esperance-whites-and-blacks/,"type,Matte Paper Poster ;size,10"" x 8""","[object Object],[object Object]",,Mike Cann
25683,0,/wp-content/uploads/2017/09/Sunset-over-Esperance.jpg,,AU0126 - Sunset over Esperance,"Taken above Esperance in WA.

The surrounds of the town of Esperance are just as pretty as the beaches in the National Park.","Taken above Esperance in WA.

The surrounds of the town of Esperance are just as pretty as the beaches in the National Park.",au0126-sunset-over-esperance,2017-09-12 11:38:00,,,,99,99,,,no,None,Standard,,,,,,instock,no,Do not allow,no,,,post.php?post=25683&action=edit,,publish,Catalog/search,,,no,no,0,0,,,,,no,0,variable,http://aboveunder.com/product/au0126-sunset-over-esperance/,"type,Matte Paper Poster ;size,10"" x 8""","[object Object],[object Object]",,Mike Cann
25588,0,/wp-content/uploads/2017/09/Lucky-Bay-Vertical-1.jpg,,AU0125 - Lucky Bay Vertical,"Taken above the Lucky Bay in Esperance, WA.

Lucky Bay is one of the most famous beaches in Australia, you can see why.","Taken above the Lucky Bay in Esperance, WA.

Lucky Bay is one of the most famous beaches in Australia, you can see why.",au0125-lucky-bay-vertical,2017-09-12 10:12:43,,,,99,99,,,yes,None,Standard,,,,,,instock,no,Do not allow,no,,,post.php?post=25588&action=edit,,publish,Catalog/search,,,no,no,0,0,,,,,no,0,variable,http://aboveunder.com/product/au0125-lucky-bay-vertical/,"type,Matte Paper Poster ;size,10"" x 8""","[object Object],[object Object]",,Mike Cann
25587,0,/wp-content/uploads/2017/09/Little-Side-of-Hellfire-1.jpg,,AU0124 - Little Side of Hellfire,"Taken above the Little Hellfire beach in Esperance, WA.

I love the simplicity and clarity of this image.","Taken above the Little Hellfire beach in Esperance, WA.

I love the simplicity and clarity of this image.",au0124-little-side-of-hellfire,2017-09-12 10:12:43,,,,99,99,,,no,None,Standard,,,,,,instock,no,Do not allow,no,,,post.php?post=25587&action=edit,,publish,Catalog/search,,,no,no,0,0,,,,,no,0,variable,http://aboveunder.com/product/au0124-little-side-of-hellfire/,"type,Matte Paper Poster ;size,10"" x 8""","[object Object],[object Object]",,Mike Cann
25541,0,/wp-content/uploads/2017/09/Little-Hellfire-1.jpg,,AU0123 - Little Hellfire,"Taken above the Little Hellfire beach in Esperance, WA.

Little Hellfire is a small beach in Esperance National park, just another stunning beach in a beautiful neighbourhood.","Taken above the Little Hellfire beach in Esperance, WA.

Little Hellfire is a small beach in Esperance National park, just another stunning beach in a beautiful neighbourhood.",au0123-little-hellfire,2017-09-12 10:12:23,,,,99,99,,,no,None,Standard,,,,,,instock,no,Do not allow,no,,,post.php?post=25541&action=edit,,publish,Catalog/search,,,no,no,0,0,,,,,no,0,variable,http://aboveunder.com/product/au0123-little-hellfire/,"type,Matte Paper Poster ;size,10"" x 8""","[object Object],[object Object]",,Mike Cann
25449,0,/wp-content/uploads/2017/09/Lucky-Bay-Horizontal-2.jpg,,AU0122 - Lucky Bay Horizontal,"Taken over Lucky Bay in Esperance, WA.

Esperance has without doubt some of the most beautiful beaches for done photography in the world, this is a prime example of that.","Taken over Lucky Bay in Esperance, WA.

Esperance has without doubt some of the most beautiful beaches for done photography in the world, this is a prime example of that.",au0122-lucky-bay-horizontal,2017-09-11 11:56:31,,,,99,99,,,yes,None,Standard,,,,,,instock,no,Do not allow,no,,,post.php?post=25449&action=edit,,publish,Catalog/search,,,no,no,0,0,,,,,no,0,variable,http://aboveunder.com/product/au0122-lucky-bay-horizontal/,"type,Matte Paper Poster ;size,10"" x 8""","[object Object],[object Object]",,Mike Cann
25446,0,/wp-content/uploads/2017/09/Black-Waters-of-Esperance-1.jpg,,AU0121 - Black Waters of Esperance,"Taken in Esperance in WA.

I absolutely love the way the black rocks and seaweed contrast against the blue waters.","Taken in Esperance in WA.

I absolutely love the way the black rocks and seaweed contrast against the blue waters.",au0121-black-waters-of-esperance,2017-09-11 11:56:31,,,,99,99,,,no,None,Standard,,,,,,instock,no,Do not allow,no,,,post.php?post=25446&action=edit,,publish,Catalog/search,,,no,no,0,0,,,,,no,0,variable,http://aboveunder.com/product/au0121-black-waters-of-esperance/,"type,Matte Paper Poster ;size,10"" x 8""","[object Object],[object Object]",,Mike Cann
25400,0,/wp-content/uploads/2017/09/Bunda-Cliffs-from-the-Side-1.jpg,,AU0120 - Bunda Cliffs from the Side,"Taken near the Bunda Cliffs in South Australia.

These cliffs are simply stunning in their size and length.","Taken near the Bunda Cliffs in South Australia.

These cliffs are simply stunning in their size and length.",au0120-bunda-cliffs-from-the-side,2017-09-11 11:56:12,,,,99,99,,,no,None,Standard,,,,,,instock,no,Do not allow,no,,,post.php?post=25400&action=edit,,publish,Catalog/search,,,no,no,0,0,,,,,no,0,variable,http://aboveunder.com/product/au0120-bunda-cliffs-from-the-side/,"type,Matte Paper Poster ;size,10"" x 8""","[object Object],[object Object]",,Mike Cann
25352,0,/wp-content/uploads/2017/09/Bunda-Cliffs-from-Above-1.jpg,,AU0119 - Bunda Cliffs from Above,"Taken above the Bunda Cliffs in South Australia.

These are definitely the most impressive cliffs in Australia.","Taken above the Bunda Cliffs in South Australia.

These are definitely the most impressive cliffs in Australia.",au0119-bunda-cliffs-from-above,2017-09-11 11:42:43,,,,99,99,,,no,None,Standard,,,,,,instock,no,Do not allow,no,,,post.php?post=25352&action=edit,,publish,Catalog/search,,,no,no,0,0,,,,,no,0,variable,http://aboveunder.com/product/au0119-bunda-cliffs-from-above/,"type,Matte Paper Poster ;size,10"" x 8""","[object Object],[object Object]",,Mike Cann
25301,0,/wp-content/uploads/2017/09/Fowlers-Bay-Mavic-Panorama-1.jpg,,AU0118 - Fowlers Bay Mavic Panorama,"Taken near Fowlers Bay in South Australia.

I was really impressed by the sand dunes of Fowlers Bay.","Taken near Fowlers Bay in South Australia.

I was really impressed by the sand dunes of Fowlers Bay.",au0118-fowlers-bay-mavic-panorama,2017-09-07 05:01:37,,,,99,99,,,no,None,Standard,,,,,,instock,no,Do not allow,no,,,post.php?post=25301&action=edit,,publish,Catalog/search,,,no,no,0,0,,,,,no,0,variable,http://aboveunder.com/product/au0118-fowlers-bay-mavic-panorama/,"type,Matte Paper Poster ;size,10"" x 8""","[object Object],[object Object]",,Mike Cann
25254,0,/wp-content/uploads/2017/09/Fowlers-Dunes-1.jpg,,AU0117 - Fowlers Dunes,"Taken above Fowlers Bay in South Australia.

We didn’t know what really to expect when we arrived into Fowlers Bay buy were pleasantly surprised by the stunning Sand Dunes and whale filled seas.","Taken above Fowlers Bay in South Australia.

We didn’t know what really to expect when we arrived into Fowlers Bay buy were pleasantly surprised by the stunning Sand Dunes and whale filled seas.",au0117-fowlers-dunes,2017-09-07 04:13:22,,,,99,99,,,no,None,Standard,,,,,,instock,no,Do not allow,no,,,post.php?post=25254&action=edit,,publish,Catalog/search,,,no,no,0,0,,,,,no,0,variable,http://aboveunder.com/product/au0117-fowlers-dunes/,"type,Matte Paper Poster ;size,10"" x 8""","[object Object],[object Object]",,Mike Cann
25207,0,/wp-content/uploads/2017/09/Fields-of-Yellow-1.jpg,,AU0116 - Fields of Yellow,"Taken somewhere in western South Australia.

As we drove along the road we were suddenly struck by these incredible yellow fields of Canola.","Taken somewhere in western South Australia.

As we drove along the road we were suddenly struck by these incredible yellow fields of Canola.",au0116-fields-of-yellow,2017-09-07 03:36:15,,,,99,99,,,no,None,Standard,,,,,,instock,no,Do not allow,no,,,post.php?post=25207&action=edit,,publish,Catalog/search,,,no,no,0,0,,,,,no,0,variable,http://aboveunder.com/product/au0116-fields-of-yellow/,"type,Matte Paper Poster ;size,10"" x 8""","[object Object],[object Object]",,Mike Cann
25160,0,/wp-content/uploads/2017/09/Whale-Time-2.jpg,,AU0115 - Whale Time,"Taken near Fowlers Bay in South Australia.

There are so many whales in the water at this time of the year it was hard to know what to focus on. We have some awesome video of this too..","Taken west of Alice Springs in the NT.

This stunning set of hills was a real surprise when we stumbled across them, on our way to Uluru.",au0115-whale-time,2017-09-05 12:44:41,,,,99,99,,,no,None,Standard,,,,,,instock,no,Do not allow,no,,,post.php?post=25160&action=edit,,publish,Catalog/search,,,no,no,0,0,,,,,no,0,variable,http://aboveunder.com/product/au0115-whale-time/,"type,Matte Paper Poster ;size,10"" x 8""","[object Object],[object Object]",,Mike Cann
25094,0,/wp-content/uploads/2017/08/MacDonalds-Range-Drone-Pano-1.jpg,,AU0114 - MacDonalds Range Drone Pano,"Taken west of Alice Springs in the NT.

This stunning set of hills was a real surprise when we stumbled across them, on our way to Uluru.","Taken west of Alice Springs in the NT.

This stunning set of hills was a real surprise when we stumbled across them, on our way to Uluru.",au0114-macdonalds-range-drone-pano,2017-08-24 13:39:32,,,,99,99,,,no,None,Standard,,,,,,instock,no,Do not allow,no,,,post.php?post=25094&action=edit,,publish,Catalog/search,,,no,no,0,0,,,,,no,0,variable,http://aboveunder.com/product/au0114-macdonalds-range-drone-pano/,"type,Matte Paper Poster ;size,10"" x 8""","[object Object],[object Object]",,Mike Cann
25047,0,/wp-content/uploads/2017/08/Gosses-Bluff-Panorama-1.jpg,,AU0113 - Gosses Bluff Panorama,,"Taken west of Alice Springs in the NT.

We had heard that this crater was out here but it was only when we put the drone up could we properly appreciate the immensity of the impact area.",au0113-gosses-bluff-panorama,2017-08-24 13:37:42,,,,99,99,,,no,None,Standard,,,,,,instock,no,Do not allow,no,,,post.php?post=25047&action=edit,,publish,Catalog/search,,,no,no,0,0,,,,,no,0,variable,http://aboveunder.com/product/au0113-gosses-bluff-panorama/,"type,Matte Paper Poster ;size,10"" x 8""","[object Object],[object Object]",,Mike Cann
25000,0,/wp-content/uploads/2017/08/The-West-MacDonalds-Range-1.jpg,,AU0112 - The West MacDonalds Range,,"Taken near the West MacDonalds Range near Alice Springs in the NT.

Another perfect example of the stunning Australian landscape, best seen from above.",au0112-the-west-macdonalds-range,2017-08-24 13:35:08,,,,99,99,,,no,None,Standard,,,,,,instock,no,Do not allow,no,,,post.php?post=25000&action=edit,,publish,Catalog/search,,,no,no,0,0,,,,,no,0,variable,http://aboveunder.com/product/au0112-the-west-macdonalds-range/,"type,Matte Paper Poster ;size,10"" x 8""","[object Object],[object Object]",,Mike Cann
24953,0,/wp-content/uploads/2017/08/The-Long-Road-To-Nowhere-in-Central-Australia-1.jpg,,AU0111 - The Long Road To Nowhere in Central Australia,,"Taken somewhere near Alice Springs in central Australia.

This is pretty much all you see for hours and hours and hours while driving through the hot dry middle.",au0111-the-long-road-to-nowhere-in-central-australia,2017-08-24 13:00:20,,,,99,99,,,no,None,Standard,,,,,,instock,no,Do not allow,no,,,post.php?post=24953&action=edit,,publish,Catalog/search,,,no,no,0,0,,,,,no,0,variable,http://aboveunder.com/product/au0111-the-long-road-to-nowhere-in-central-australia/,"type,Matte Paper Poster ;size,10"" x 8""","[object Object],[object Object]",,Mike Cann
24874,0,/wp-content/uploads/2017/08/Brisbane-River.jpg,,AU0110 - Brisbane River,,"Taken in Brisbane in South Queensland.

I was very careful not to fly too high or above anything to take this shot but I think it was worth it for the spectacular view.",au0110-brisbane-river,2017-08-22 04:45:17,,,,99,99,,,no,None,Standard,,,,,,instock,no,Do not allow,no,,,post.php?post=24874&action=edit,,publish,Catalog/search,,,no,no,0,0,,,,,no,0,variable,http://aboveunder.com/product/au0110-brisbane-river/,"type,Matte Paper Poster ;size,10"" x 8""","[object Object],[object Object]",,Mike Cann
24843,0,/wp-content/uploads/2017/08/Brisbane-From-Afar.jpg,,AU0109 - Brisbane from Afar,,"Taken just outside Brisbane in South Queensland.

It was a glorious day as we stood on top of a hill on the outskirts of Brisbane. I decided to fly my drone around looking for an interesting way to frame the city and came across this open quarry.",au0109-brisbane-from-afar,2017-08-22 04:44:54,,,,99,99,,,no,None,Standard,,,,,,instock,no,Do not allow,no,,,post.php?post=24843&action=edit,,publish,Catalog/search,,,no,no,0,0,,,,,no,0,variable,http://aboveunder.com/product/au0109-brisbane-from-afar/,"type,Matte Paper Poster ;size,10"" x 8""","[object Object],[object Object]",,Mike Cann
24782,0,/wp-content/uploads/2017/12/Noosa-Spit.jpg,,AU0108 - Noosa Spit,,"Taken near the spit in Noosa, South Queensland.

I love the soft pastel colours that the beach and water give off in this shot. Would look excellent on a white wall.",au0108-noosa-spit,2017-08-22 04:44:27,,,,99,99,,,no,None,Standard,,,,,,instock,no,Do not allow,no,,,post.php?post=24782&action=edit,,publish,Catalog/search,,,no,no,0,0,,,,,no,0,variable,http://aboveunder.com/product/au0108-noosa-spit/,"type,Matte Paper Poster ;size,10"" x 8""","[object Object],[object Object]",,Mike Cann
24751,0,/wp-content/uploads/2017/08/Noosa-Bird-Patrol.jpg,,AU0107 - Noosa Bird Patrol,,"Taken near the spit in Noosa, South Queensland.

I love the way that you cant really tell what the white things are in this image is until you look at the shadows and realise they are birds.",au0107-noosa-bird-patrol,2017-08-22 04:44:08,,,,99,99,,,no,None,Standard,,,,,,instock,no,Do not allow,no,,,post.php?post=24751&action=edit,,publish,Catalog/search,,,no,no,0,0,,,,,no,0,variable,http://aboveunder.com/product/au0107-noosa-bird-patrol/,"type,Matte Paper Poster ;size,10"" x 8""","[object Object],[object Object]",,Mike Cann
24690,0,/wp-content/uploads/2017/08/Golden-Waves.jpg,,AU0106 - Golden Waves,,"Taken near Surfers Paradise in the Gold Coast in South Queensland.

This area is very popular with surfers which is definitely not hard to see why with rolling breaks for many miles up and down the coast.",au0106-golden-waves,2017-08-22 04:43:39,,,,99,99,,,yes,None,Standard,,,,,,instock,no,Do not allow,no,,,post.php?post=24690&action=edit,,publish,Catalog/search,,,no,no,0,0,,,,,no,0,variable,http://aboveunder.com/product/au0106-golden-waves/,"type,Matte Paper Poster ;size,10"" x 8""","[object Object],[object Object]",,Mike Cann
24659,0,/wp-content/uploads/2017/08/The-Gold-Coast.jpg,,AU0105 - The Gold Coast,,"Taken near Surfers Paradise in the Gold Coast in South Queensland.

As the name implies this is a land of golden hued beaches.",au0105-the-gold-coast,2017-08-22 04:43:27,,,,99,99,,,no,None,Standard,,,,,,instock,no,Do not allow,no,,,post.php?post=24659&action=edit,,publish,Catalog/search,,,no,no,0,0,,,,,no,0,variable,http://aboveunder.com/product/au0105-the-gold-coast/,"type,Matte Paper Poster ;size,10"" x 8""","[object Object],[object Object]",,Mike Cann
24598,0,/wp-content/uploads/2017/08/Elliot-Buoy-Close.jpg,,AU0104 - Elliot Heads Buoy Close,,"Taken at Elliot Heads, near Bundaberg in South Queensland.

I enjoyed taking shots of those Buoy from afar so much that I thought I would get up close and give it a shot too.E!",au0104-elliot-heads-buoy-close,2017-08-22 04:43:03,,,,99,99,,,yes,None,Standard,,,,,,instock,no,Do not allow,no,,,post.php?post=24598&action=edit,,publish,Catalog/search,,,no,no,0,0,,,,,no,0,variable,http://aboveunder.com/product/au0104-elliot-heads-buoy-close/,"type,Matte Paper Poster ;size,10"" x 8""","[object Object],[object Object]",,Mike Cann
24567,0,/wp-content/uploads/2017/08/Elliot-Bouy-Far.jpg,,AU0103 - Elliot Heads Buoy Far,,"Taken at Elliot Heads, near Bundaberg in South Queensland.

This is yet another of my favourites from Elliot Heads. I love the way the eye is drawn into the red of buoy but is left contrasted between the blue of the water and yellow of the sand.",au0103-elliot-heads-buoy-far,2017-08-22 04:42:43,,,,99,99,,,yes,None,Standard,,,,,,instock,no,Do not allow,no,,,post.php?post=24567&action=edit,,publish,Catalog/search,,,no,no,0,0,,,,,no,0,variable,http://aboveunder.com/product/au0103-elliot-heads-buoy-far/,"type,Matte Paper Poster ;size,10"" x 8""","[object Object],[object Object]",,Mike Cann
24506,0,/wp-content/uploads/2017/08/Elliot-Blue-Spine.jpg,,AU0102 - Elliot Heads Blue Spine,,"Taken at Elliot Heads, near Bundaberg in South Queensland.

I just love the contrasting blues that the varying water depths give, kind of reminds me of an x-ray of a spine.",au0102-elliot-heads-blue-spine,2017-08-22 04:42:19,,,,99,99,,,no,None,Standard,,,,,,instock,no,Do not allow,no,,,post.php?post=24506&action=edit,,publish,Catalog/search,,,no,no,0,0,,,,,no,0,variable,http://aboveunder.com/product/au0102-elliot-heads-blue-spine/,"type,Matte Paper Poster ;size,10"" x 8""","[object Object],[object Object]",,Mike Cann
24475,0,/wp-content/uploads/2017/08/Elliot-Heads-Spit.jpg,,AU0101 - Elliot Heads Spit,,"Taken at Elliot Heads, near Bundaberg in South Queensland.",au0101-elliot-heads-spit,2017-08-22 04:42:11,,,,99,99,,,no,None,Standard,,,,,,instock,no,Do not allow,no,,,post.php?post=24475&action=edit,,publish,Catalog/search,,,no,no,0,0,,,,,no,0,variable,http://aboveunder.com/product/au0101-elliot-heads-spit/,"type,Matte Paper Poster ;size,10"" x 8""","[object Object],[object Object]",,Mike Cann
24423,0,/wp-content/uploads/2017/08/Elliot-Rainbow-Sands-1.jpg,,AU0100 - Elliot Rainbow Sands,,"Taken at Elliot Heads, near Bundaberg in South Queensland.

Fitting for our 100th image we have probably my favourite image thus far. The soft pastel colours on display in the sands and shallow waters really caught my eye.",au0100-elliot-rainbow-sands,2017-08-22 04:36:40,,,,99,99,,,yes,None,Standard,,,,,,instock,no,Do not allow,no,,,post.php?post=24423&action=edit,,publish,Catalog/search,,,no,no,0,0,,,,,no,0,variable,http://aboveunder.com/product/au0100-elliot-rainbow-sands/,"type,Matte Paper Poster ;size,10"" x 8""","[object Object],[object Object]",,Mike Cann
24362,0,/wp-content/uploads/2017/08/Elliot-Rainbow-Spear.jpg,,AU0099 - Elliot Rainbow Spear,,"Taken at Elliot Heads, near Bundaberg in South Queensland.

This is only a small spit of sand in the estuary of the river but the colours that were on display stunned me.",au0099-elliot-rainbow-spear,2017-08-22 04:36:13,,,,99,99,,,no,None,Standard,,,,,,instock,no,Do not allow,no,,,post.php?post=24362&action=edit,,publish,Catalog/search,,,no,no,0,0,,,,,no,0,variable,http://aboveunder.com/product/au0099-elliot-rainbow-spear/,"type,Matte Paper Poster ;size,10"" x 8""","[object Object],[object Object]",,Mike Cann
24331,0,/wp-content/uploads/2017/08/Elliot-Kayak-1.jpg,,AU0098 - Elliot Kayak,,"Taken at Elliot Heads, near Bundaberg in South Queensland.

There were a few people other than myself that day taking advantage of the beautiful water and sands.",au0098-elliot-kayak,2017-08-22 04:35:46,,,,99,99,,,no,None,Standard,,,,,,instock,no,Do not allow,no,,,post.php?post=24331&action=edit,,publish,Catalog/search,,,no,no,0,0,,,,,no,0,variable,http://aboveunder.com/product/au0098-elliot-kayak/,"type,Matte Paper Poster ;size,10"" x 8""","[object Object],[object Object]",,Mike Cann
24270,0,/wp-content/uploads/2017/08/Elliot-Rainbow-Vertical.jpg,,AU0097 - Elliot Heads Vertical,,"Taken at Elliot Heads, near Bundaberg in South Queensland.

I took many many shots of these waters and beaches, I couldn’t get enough.",au0097-elliot-heads-vertical,2017-08-22 04:35:29,,,,99,99,,,yes,None,Standard,,,,,,instock,no,Do not allow,no,,,post.php?post=24270&action=edit,,publish,Catalog/search,,,no,no,0,0,,,,,no,0,variable,http://aboveunder.com/product/au0097-elliot-heads-vertical/,"type,Matte Paper Poster ;size,10"" x 8""","[object Object],[object Object]",,Mike Cann
24239,0,/wp-content/uploads/2017/08/Elliot-Rainbow-Horizontal-1.jpg,,AU0096 - Elliot Rainbow Horizontal,,"Taken at Elliot Heads, near Bundaberg in South Queensland.

This picture really shows the spectacular colours of yellow sands and blue waters we were lucky to stumble across while visiting Bundaberg.",au0096-elliot-rainbow-horizontal,2017-08-22 04:35:21,,,,99,99,,,no,None,Standard,,,,,,instock,no,Do not allow,no,,,post.php?post=24239&action=edit,,publish,Catalog/search,,,no,no,0,0,,,,,no,0,variable,http://aboveunder.com/product/au0096-elliot-rainbow-horizontal/,"type,Matte Paper Poster ;size,10"" x 8""","[object Object],[object Object]",,Mike Cann
24178,0,/wp-content/uploads/2017/08/Elliot-Heads-Beach-2.jpg,,AU0095 - Elliot Heads Beach,,"Taken at Elliot Heads, near Bundaberg in South Queensland.

This little town had some of the most spectacularly blue waters from above I had ever seen.",au0095-elliot-heads-beach,2017-08-22 04:34:39,,,,99,99,,,no,None,Standard,,,,,,instock,no,Do not allow,no,,,post.php?post=24178&action=edit,,publish,Catalog/search,,,no,no,0,0,,,,,no,0,variable,http://aboveunder.com/product/au0095-elliot-heads-beach/,"type,Matte Paper Poster ;size,10"" x 8""","[object Object],[object Object]",,Mike Cann
24117,0,/wp-content/uploads/2017/08/Elliot-River.jpg,,AU0094 - Elliot River,,"Taken at Elliot Heads, near Bundaberg in South Queensland.

We stumbled across this spectacular little estuary but were sunned by how vibrant the blues were of the water when viewed from above.",au0094-elliot-river,2017-08-22 04:34:12,,,,99,99,,,yes,None,Standard,,,,,,instock,no,Do not allow,no,,,post.php?post=24117&action=edit,,publish,Catalog/search,,,no,no,0,0,,,,,no,0,variable,http://aboveunder.com/product/au0094-elliot-river/,"type,Matte Paper Poster ;size,10"" x 8""","[object Object],[object Object]",,Mike Cann
24086,0,/wp-content/uploads/2017/08/Elliot-Heads-Beach-Pebbles.jpg,,AU0093 - Elliot Heads Beach Pebbles,,"Taken at Elliot Heads, near Bundaberg in South Queensland.",au0093-elliot-heads-beach-pebbles,2017-08-22 04:34:03,,,,99,99,,,no,None,Standard,,,,,,instock,no,Do not allow,no,,,post.php?post=24086&action=edit,,publish,Catalog/search,,,no,no,0,0,,,,,no,0,variable,http://aboveunder.com/product/au0093-elliot-heads-beach-pebbles/,"type,Matte Paper Poster ;size,10"" x 8""","[object Object],[object Object]",,Mike Cann
24025,0,/wp-content/uploads/2017/08/Whitsunday-Island-Bay.jpg,,AU0092 - Whitsunday Island Bay,,"Taken above one of the islands of the Whitsundays in Southern Queensland.

Another shot of the gorgeous little island resorts of the Whitsundays, this time showing off the spectacular little bay of the resort.",au0092-whitsunday-island-bay,2017-08-22 04:33:21,,,,99,99,,,no,None,Standard,,,,,,instock,no,Do not allow,no,,,post.php?post=24025&action=edit,,publish,Catalog/search,,,no,no,0,0,,,,,no,0,variable,http://aboveunder.com/product/au0092-whitsunday-island-bay/,"type,Matte Paper Poster ;size,10"" x 8""","[object Object],[object Object]",,Mike Cann
23994,0,/wp-content/uploads/2017/08/Whitsunday-Island-Coast.jpg,,AU0091 - Whitsunday Island Coast,,"Taken above one of the islands of the Whitsundays in Southern Queensland.

This shot highlights some of the beautiful little deserted beaches of the Whitsundays.",au0091-whitsunday-island-coast,2017-08-22 04:33:00,,,,99,99,,,no,None,Standard,,,,,,instock,no,Do not allow,no,,,post.php?post=23994&action=edit,,publish,Catalog/search,,,no,no,0,0,,,,,no,0,variable,http://aboveunder.com/product/au0091-whitsunday-island-coast/,"type,Matte Paper Poster ;size,10"" x 8""","[object Object],[object Object]",,Mike Cann
23933,0,/wp-content/uploads/2017/08/Whitsunday-Tropical-Paradise.jpg,,AU0090 - Whitsunday Tropical Paradise,,"Taken above one of the islands of the Whitsundays in Southern Queensland.

This gorgeous little resort was spectacular from the ground but in my opinion it really shines from above.",au0090-whitsunday-tropical-paradise,2017-08-22 04:32:44,,,,99,99,,,no,None,Standard,,,,,,instock,no,Do not allow,no,,,post.php?post=23933&action=edit,,publish,Catalog/search,,,no,no,0,0,,,,,no,0,variable,http://aboveunder.com/product/au0090-whitsunday-tropical-paradise/,"type,Matte Paper Poster ;size,10"" x 8""","[object Object],[object Object]",,Mike Cann
23902,0,/wp-content/uploads/2017/08/Whitsunday-Islands.jpg,,AU0089 - Whitsunday Islands,,"Taken in the bay of one of the islands of the Whitsunday islands in South Queensland.

This beautiful little resort is nestled between two hills which perfectly frames the island in the background, a perspective only visible from above.",au0089-whitsunday-islands,2017-08-22 04:32:17,,,,99,99,,,no,None,Standard,,,,,,instock,no,Do not allow,no,,,post.php?post=23902&action=edit,,publish,Catalog/search,,,no,no,0,0,,,,,no,0,variable,http://aboveunder.com/product/au0089-whitsunday-islands/,"type,Matte Paper Poster ;size,10"" x 8""","[object Object],[object Object]",,Mike Cann
23841,0,/wp-content/uploads/2017/08/Whitehaven-Devistation-Vertical.jpg,,AU0088 - Whitehaven Devastation Vertical,,"Taken at Whitehaven Beach in the Whitsundays, South Queensland.

You can see from this shot the clear devastation wrought by the cyclone that hit the region 3 months before.",au0088-whitehaven-devastation-vertical,2017-08-22 04:31:50,,,,99,99,,,yes,None,Standard,,,,,,instock,no,Do not allow,no,,,post.php?post=23841&action=edit,,publish,Catalog/search,,,no,no,0,0,,,,,no,0,variable,http://aboveunder.com/product/au0088-whitehaven-devastation-vertical/,"type,Matte Paper Poster ;size,10"" x 8""","[object Object],[object Object]",,Mike Cann
23810,0,/wp-content/uploads/2017/08/Whitehaven-Devistation-Horizontal.jpg,,AU0087 - Whitehaven Devastation Horizontal,,"Taken at Whitehaven Beach in the Whitsundays, South Queensland.

You can see from this shot the clear devastation wrought by the cyclone that hit the region 3 months before.",au0087-whitehaven-devastation-horizontal,2017-08-22 04:31:42,,,,99,99,,,no,None,Standard,,,,,,instock,no,Do not allow,no,,,post.php?post=23810&action=edit,,publish,Catalog/search,,,no,no,0,0,,,,,no,0,variable,http://aboveunder.com/product/au0087-whitehaven-devastation-horizontal/,"type,Matte Paper Poster ;size,10"" x 8""","[object Object],[object Object]",,Mike Cann
23749,0,/wp-content/uploads/2017/08/Whitehaven-Beach.jpg,,AU0086 - Whitehaven Beach,,"Taken above Whitehaven beach in the Whitsundays in Southern Queensland.

Less than 3 months before this picture a huge cyclone hit the beach devastating the trees around the pristine white sands.",au0086-whitehaven-beach,2017-08-22 04:31:17,,,,99,99,,,no,None,Standard,,,,,,instock,no,Do not allow,no,,,post.php?post=23749&action=edit,,publish,Catalog/search,,,no,no,0,0,,,,,no,0,variable,http://aboveunder.com/product/au0086-whitehaven-beach/,"type,Matte Paper Poster ;size,10"" x 8""","[object Object],[object Object]",,Mike Cann
23718,0,/wp-content/uploads/2017/08/Magnetic-Waves.jpg,,AU0085 - Magnetic Waves,,"Taken at Magnetic Island in Northern Queensland.

This has got to be one of my favourite shots I have taken so far. I just love the colours going on here.",au0085-magnetic-waves,2017-08-22 04:31:00,,,,99,99,,,yes,None,Standard,,,,,,instock,no,Do not allow,no,,,post.php?post=23718&action=edit,,publish,Catalog/search,,,no,no,0,0,,,,,no,0,variable,http://aboveunder.com/product/au0085-magnetic-waves/,"type,Matte Paper Poster ;size,10"" x 8""","[object Object],[object Object]",,Mike Cann
23657,0,/wp-content/uploads/2017/08/Magnetic-Vibrance.jpg,,AU0084 - Magnetic Vibrance,,"Taken at Magnetic Island in Northern Queensland.

Sometimes it isn't until you get home that you realise how vibrant the colours you took are.",au0084-magnetic-vibrance,2017-08-22 04:30:31,,,,99,99,,,no,None,Standard,,,,,,instock,no,Do not allow,no,,,post.php?post=23657&action=edit,,publish,Catalog/search,,,no,no,0,0,,,,,no,0,variable,http://aboveunder.com/product/au0084-magnetic-vibrance/,"type,Matte Paper Poster ;size,10"" x 8""","[object Object],[object Object]",,Mike Cann
23626,0,/wp-content/uploads/2017/08/Magnetic-Love.jpg,,AU0083 - Magnetic Love,,"Taken at Magnetic Island in Northern Queensland.

Another shot from when we explored the old WWII ruins on Magnetic Island. I thought it a good opportunity to go a little bit of a self portrait :)",au0083-magnetic-love,2017-08-22 04:30:17,,,,99,99,,,yes,None,Standard,,,,,,instock,no,Do not allow,no,,,post.php?post=23626&action=edit,,publish,Catalog/search,,,no,no,0,0,,,,,no,0,variable,http://aboveunder.com/product/au0083-magnetic-love/,"type,Matte Paper Poster ;size,10"" x 8""","[object Object],[object Object]",,Mike Cann
23565,0,/wp-content/uploads/2017/08/Magnetic-Rainbow.jpg,,AU0082 - Magnetic Rainbow,,"Taken at Magnetic Island in Northern Queensland.

I took this shot but didn’t realise how colourful the rocks were until I got it home and developed it. I can only assume its some sort of bacteria or lichen.",au0082-magnetic-rainbow,2017-08-22 04:29:52,,,,99,99,,,no,None,Standard,,,,,,instock,no,Do not allow,no,,,post.php?post=23565&action=edit,,publish,Catalog/search,,,no,no,0,0,,,,,no,0,variable,http://aboveunder.com/product/au0082-magnetic-rainbow/,"type,Matte Paper Poster ;size,10"" x 8""","[object Object],[object Object]",,Mike Cann
23534,0,/wp-content/uploads/2017/08/Magnetic-Pebbles-Vertical.jpg,,AU0081 - Magnetic Pebbles Vertical,,"Taken at Magnetic Island in Northern Queensland.

I love the shoreline on this island, there's something about seeing rocks next to blue water and green trees that I love.",au0081-magnetic-pebbles-vertical,2017-08-22 04:29:32,,,,99,99,,,no,None,Standard,,,,,,instock,no,Do not allow,no,,,post.php?post=23534&action=edit,,publish,Catalog/search,,,no,no,0,0,,,,,no,0,variable,http://aboveunder.com/product/au0081-magnetic-pebbles-vertical/,"type,Matte Paper Poster ;size,10"" x 8""","[object Object],[object Object]",,Mike Cann
23482,0,/wp-content/uploads/2017/08/Magnetic-Pebbles-Horizontal.jpg,,AU0080 - Magnetic Pebbles Horizontal,,"Taken at Magnetic Island in Northern Queensland.

I love the shoreline on this island, there's something about seeing rocks next to blue water and green trees that I love.",au0080-magnetic-pebbles-horizontal,2017-08-22 02:10:52,,,,99,99,,,yes,None,Standard,,,,,,instock,no,Do not allow,no,,,post.php?post=23482&action=edit,,publish,Catalog/search,,,no,no,0,0,,,,,no,0,variable,http://aboveunder.com/product/au0080-magnetic-pebbles-horizontal/,"type,Matte Paper Poster ;size,10"" x 8""","[object Object],[object Object]",,Mike Cann
23421,0,/wp-content/uploads/2017/08/Magnetic-Gun-Emplacement.jpg,,AU0079 - Magnetic Gun Emplacement,,"Taken at Magnetic Island in Northern Queensland.

This old WWII gun emplacement sits on the top of a hill on the island, looked so stark and post apocalyptic that I had to take a picture or two.",au0079-magnetic-gun-emplacement,2017-08-22 02:10:26,,,,99,99,,,no,None,Standard,,,,,,instock,no,Do not allow,no,,,post.php?post=23421&action=edit,,publish,Catalog/search,,,no,no,0,0,,,,,no,0,variable,http://aboveunder.com/product/au0079-magnetic-gun-emplacement/,"type,Matte Paper Poster ;size,10"" x 8""","[object Object],[object Object]",,Mike Cann
23390,0,/wp-content/uploads/2017/08/Daintree-Coast-Rock.jpg,,AU0078 - Daintree Coast Rock,,Taken at the Daintree in Northern Queensland.,au0078-daintree-coast-rock,2017-08-22 02:10:18,,,,99,99,,,no,None,Standard,,,,,,instock,no,Do not allow,no,,,post.php?post=23390&action=edit,,publish,Catalog/search,,,no,no,0,0,,,,,no,0,variable,http://aboveunder.com/product/au0078-daintree-coast-rock/,"type,Matte Paper Poster ;size,10"" x 8""","[object Object],[object Object]",,Mike Cann
23329,0,/wp-content/uploads/2017/08/Daintree-Coast.jpg,,AU0077 - Daintree Coast,,"Taken at the Daintree in Northern Queensland.

A bit of an overcast day but still a beautiful drive through the rainforest led us to have lunch by the ocean, I had to take a picture of it.",au0077-daintree-coast,2017-08-22 02:09:55,,,,99,99,,,no,None,Standard,,,,,,instock,no,Do not allow,no,,,post.php?post=23329&action=edit,,publish,Catalog/search,,,no,no,0,0,,,,,no,0,variable,http://aboveunder.com/product/au0077-daintree-coast/,"type,Matte Paper Poster ;size,10"" x 8""","[object Object],[object Object]",,Mike Cann
23298,0,/wp-content/uploads/2017/08/Cape-Tribulation-Rocks.jpg,,AU0076 - Cape Tribulation Rocks,,"Taken at Cape Tribulation in Northern Queensland.

It was a bit of a gloomy day but I was still able to find some beauty on the coastline.",au0076-cape-tribulation-rocks,2017-08-22 02:09:35,,,,99,99,,,no,None,Standard,,,,,,instock,no,Do not allow,no,,,post.php?post=23298&action=edit,,publish,Catalog/search,,,no,no,0,0,,,,,no,0,variable,http://aboveunder.com/product/au0076-cape-tribulation-rocks/,"type,Matte Paper Poster ;size,10"" x 8""","[object Object],[object Object]",,Mike Cann
23237,0,/wp-content/uploads/2017/08/Painted-Rocks-of-Four-Mile-Beach.jpg,,AU0075 - Painted Rocks of Four Mile Beach,,"Taken at Four Mile Beach in Northern Queensland.

As the sun rose above the water it painted its golden hue on the point rocks.",au0075-painted-rocks-of-four-mile-beach,2017-08-22 02:09:10,,,,99,99,,,no,None,Standard,,,,,,instock,no,Do not allow,no,,,post.php?post=23237&action=edit,,publish,Catalog/search,,,no,no,0,0,,,,,no,0,variable,http://aboveunder.com/product/au0075-painted-rocks-of-four-mile-beach/,"type,Matte Paper Poster ;size,10"" x 8""","[object Object],[object Object]",,Mike Cann
23176,0,/wp-content/uploads/2017/08/Four-Mile-Surprise.jpg,,AU0074 - Four Mile Surprise,,"Taken above Four Mile Beach in Northern Queensland.

I took this picture at sunrise so the light level was a little low but I am still really happy with how the colours came through.",au0074-four-mile-surprise,2017-08-22 02:08:44,,,,99,99,,,no,None,Standard,,,,,,instock,no,Do not allow,no,,,post.php?post=23176&action=edit,,publish,Catalog/search,,,no,no,0,0,,,,,no,0,variable,http://aboveunder.com/product/au0074-four-mile-surprise/,"type,Matte Paper Poster ;size,10"" x 8""","[object Object],[object Object]",,Mike Cann
23145,0,/wp-content/uploads/2017/08/Four-Mile-Sunrise.jpg,,AU0073 - Four Mile Sunrise,,"Taken just above Four Mile Beach in Northern Queensland.

I waited and waited and was finally awarded with a colourful sunrise.",au0073-four-mile-sunrise,2017-08-22 02:08:24,,,,99,99,,,no,None,Standard,,,,,,instock,no,Do not allow,no,,,post.php?post=23145&action=edit,,publish,Catalog/search,,,no,no,0,0,,,,,no,0,variable,http://aboveunder.com/product/au0073-four-mile-sunrise/,"type,Matte Paper Poster ;size,10"" x 8""","[object Object],[object Object]",,Mike Cann
23084,0,/wp-content/uploads/2017/08/Four-Mile-Point.jpg,,AU0072 - Four Mile Point,,"Taken above one end of Four Mile Beach in Port Douglas.

I simply love the combination of colours in this short with the windy path that leads the eye and the mind to wander.",au0072-four-mile-point,2017-08-22 02:07:57,,,,99,99,,,no,None,Standard,,,,,,instock,no,Do not allow,no,,,post.php?post=23084&action=edit,,publish,Catalog/search,,,no,no,0,0,,,,,no,0,variable,http://aboveunder.com/product/au0072-four-mile-point/,"type,Matte Paper Poster ;size,10"" x 8""","[object Object],[object Object]",,Mike Cann
23053,0,/wp-content/uploads/2017/08/Four-Mile-Coast.jpg,,AU0071 - Four Mile Coast,,"Taken over Four Mile bear near Port Douglas in Northern Queensland.

This long beach is lined by beautiful Palm trees and stunning blue water.",au0071-four-mile-coast,2017-08-22 02:07:35,,,,99,99,,,no,None,Standard,,,,,,instock,no,Do not allow,no,,,post.php?post=23053&action=edit,,publish,Catalog/search,,,no,no,0,0,,,,,no,0,variable,http://aboveunder.com/product/au0071-four-mile-coast/,"type,Matte Paper Poster ;size,10"" x 8""","[object Object],[object Object]",,Mike Cann
22992,0,/wp-content/uploads/2017/08/Sunrise-Over-Port-Douglas.jpg,,AU0070 - Sunrise Over Port Douglas,,"Taken over Four Mile bear near Port Douglas in Northern Queensland.

I got up early twice to try to take some sunrise shots but the weather wasn’t great, fortunately the picture came out okay.",au0070-sunrise-over-port-douglas,2017-08-22 02:06:54,,,,99,99,,,no,None,Standard,,,,,,instock,no,Do not allow,no,,,post.php?post=22992&action=edit,,publish,Catalog/search,,,no,no,0,0,,,,,no,0,variable,http://aboveunder.com/product/au0070-sunrise-over-port-douglas/,"type,Matte Paper Poster ;size,10"" x 8""","[object Object],[object Object]",,Mike Cann
22961,0,/wp-content/uploads/2017/08/Port-Douglas-Trees.jpg,,AU0069 - Port Douglas Trees,,"Taken near Port Douglas is Northern Queensland.

I loved the way the trees looked so much in ""AU0066 - Port Douglas Bay"" that I wanted to try taking one with just the trees.",au0069-port-douglas-trees,2017-08-22 02:06:35,,,,99,99,,,no,None,Standard,,,,,,instock,no,Do not allow,no,,,post.php?post=22961&action=edit,,publish,Catalog/search,,,no,no,0,0,,,,,no,0,variable,http://aboveunder.com/product/au0069-port-douglas-trees/,"type,Matte Paper Poster ;size,10"" x 8""","[object Object],[object Object]",,Mike Cann
22900,0,/wp-content/uploads/2017/08/Port-Douglas-Stingray.jpg,,AU0068 - Port Douglas Stingray,,"Taken near Port Douglas is Northern Queensland.

There were quite a few of these guys swimming in the shallows around the town, I had to try to take a picture or two.",au0068-port-douglas-stingray,2017-08-22 02:05:55,,,,99,99,,,yes,None,Standard,,,,,,instock,no,Do not allow,no,,,post.php?post=22900&action=edit,,publish,Catalog/search,,,no,no,0,0,,,,,no,0,variable,http://aboveunder.com/product/au0068-port-douglas-stingray/,"type,Matte Paper Poster ;size,10"" x 8""","[object Object],[object Object]",,Mike Cann
22869,0,/wp-content/uploads/2017/08/Port-Douglas-Jetty-1.jpg,,AU0067 - Port Douglas Jetty,,"Taken at Port Douglas in Northern Queensland.

Even though Port Douglas is on the east coast of Australia the sunsets here were spectacular thanks to the inland facing bay.",au0067-port-douglas-jetty,2017-08-22 02:05:35,,,,99,99,,,no,None,Standard,,,,,,instock,no,Do not allow,no,,,post.php?post=22869&action=edit,,publish,Catalog/search,,,no,no,0,0,,,,,no,0,variable,http://aboveunder.com/product/au0067-port-douglas-jetty/,"type,Matte Paper Poster ;size,10"" x 8""","[object Object],[object Object]",,Mike Cann
22808,0,/wp-content/uploads/2017/08/Port-Douglas-Bay.jpg,,AU0066 - Port Douglas Bay,,"Taken at Port Douglas in Northern Queensland.

We waited until sunset but weren't disappointed.",au0066-port-douglas-bay,2017-08-22 02:05:06,,,,99,99,,,no,None,Standard,,,,,,instock,no,Do not allow,no,,,post.php?post=22808&action=edit,,publish,Catalog/search,,,no,no,0,0,,,,,no,0,variable,http://aboveunder.com/product/au0066-port-douglas-bay/,"type,Matte Paper Poster ;size,10"" x 8""","[object Object],[object Object]",,Mike Cann
22777,0,/wp-content/uploads/2017/08/Mini-Fitzroy.jpg,,AU0065 - Mini Fitzroy,,"Taken above Fitzroy Island in Northern Queensland.

I spotted this little island while flying around Fitzroy, im not sure on its name but it looked great from above.",au0065-mini-fitzroy,2017-08-22 02:04:45,,,,99,99,,,no,None,Standard,,,,,,instock,no,Do not allow,no,,,post.php?post=22777&action=edit,,publish,Catalog/search,,,no,no,0,0,,,,,no,0,variable,http://aboveunder.com/product/au0065-mini-fitzroy/,"type,Matte Paper Poster ;size,10"" x 8""","[object Object],[object Object]",,Mike Cann
22716,0,/wp-content/uploads/2017/08/Fitzroy-Shore.jpg,,AU0064 - Fitzroy Shore,,"Taken above Fitzroy Island in Northern Queensland.

Beautiful green island a short boat ride from Cairns is surrounded by stunning blue waters and Great Barrier Reef corals.",au0064-fitzroy-shore,2017-08-22 02:04:20,,,,99,99,,,yes,None,Standard,,,,,,instock,no,Do not allow,no,,,post.php?post=22716&action=edit,,publish,Catalog/search,,,no,no,0,0,,,,,no,0,variable,http://aboveunder.com/product/au0064-fitzroy-shore/,"type,Matte Paper Poster ;size,10"" x 8""","[object Object],[object Object]",,Mike Cann
22685,0,/wp-content/uploads/2017/08/Mt-Isa-Ore.jpg,,AU0063 - Mt Isa Ore,,"Taken at Mt Isa in Northern Queensland.

Mt Isa is remarkable for the stark mine that overshadows this famous mining town.",au0063-mt-isa-ore,2017-08-22 02:04:12,,,,99,99,,,no,None,Standard,,,,,,instock,no,Do not allow,no,,,post.php?post=22685&action=edit,,publish,Catalog/search,,,no,no,0,0,,,,,no,0,variable,http://aboveunder.com/product/au0063-mt-isa-ore/,"type,Matte Paper Poster ;size,10"" x 8""","[object Object],[object Object]",,Mike Cann
22624,0,/wp-content/uploads/2017/08/Darwin-Shore.jpg,,AU0062 - Darwin Shore,,"Taken in Darwin in the Northern Territory of Australia.

I was surprised to find these little islands of beauty as I flew around the Darwin coastline.",au0062-darwin-shore,2017-08-22 02:03:47,,,,99,99,,,no,None,Standard,,,,,,instock,no,Do not allow,no,,,post.php?post=22624&action=edit,,publish,Catalog/search,,,no,no,0,0,,,,,no,0,variable,http://aboveunder.com/product/au0062-darwin-shore/,"type,Matte Paper Poster ;size,10"" x 8""","[object Object],[object Object]",,Mike Cann
22593,0,/wp-content/uploads/2017/08/Darwin-Fish.jpg,,AU0061 - Darwin Fish,,"Taken in Darwin in the Northern Territory of Australia.

Not exactly sure what these fish are, perhaps they are even the famous Barramundi.",au0061-darwin-fish,2017-08-22 02:03:25,,,,99,99,,,yes,None,Standard,,,,,,instock,no,Do not allow,no,,,post.php?post=22593&action=edit,,publish,Catalog/search,,,no,no,0,0,,,,,no,0,variable,http://aboveunder.com/product/au0061-darwin-fish/,"type,Matte Paper Poster ;size,10"" x 8""","[object Object],[object Object]",,Mike Cann
22541,0,/wp-content/uploads/2017/08/Darwin-Skyline.jpg,,AU0060 - Darwin Skyline,,"Taken in Darwin in the Northern Territory of Australia.

The most northern state in Australia this is a hot and humid place yet a place with a lot of beauty.",au0060-darwin-skyline,2017-08-22 02:01:13,,,,99,99,,,no,None,Standard,,,,,,instock,no,Do not allow,no,,,post.php?post=22541&action=edit,,publish,Catalog/search,,,no,no,0,0,,,,,no,0,variable,http://aboveunder.com/product/au0060-darwin-skyline/,"type,Matte Paper Poster ;size,10"" x 8""","[object Object],[object Object]",,Mike Cann
22480,0,/wp-content/uploads/2017/08/Lake-Argyle-Hills.jpg,,AU0059 - Lake Argyle Hills,,"Taken at Lake Argyle in Western Australia.

Such incredible sunsets here, we had a great time relaxing and enjoying their famous infinity pool.",au0059-lake-argyle-hills,2017-08-22 02:00:46,,,,99,99,,,no,None,Standard,,,,,,instock,no,Do not allow,no,,,post.php?post=22480&action=edit,,publish,Catalog/search,,,no,no,0,0,,,,,no,0,variable,http://aboveunder.com/product/au0059-lake-argyle-hills/,"type,Matte Paper Poster ;size,10"" x 8""","[object Object],[object Object]",,Mike Cann
22449,0,/wp-content/uploads/2017/08/Lake-Argyle-Dam-Bus.jpg,,AU0058 - Lake Argyle Dam Bus,,Taken at Lake Argyle in Western Australia.,au0058-lake-argyle-dam-bus,2017-08-22 02:00:23,,,,99,99,,,no,None,Standard,,,,,,instock,no,Do not allow,no,,,post.php?post=22449&action=edit,,publish,Catalog/search,,,no,no,0,0,,,,,no,0,variable,http://aboveunder.com/product/au0058-lake-argyle-dam-bus/,"type,Matte Paper Poster ;size,10"" x 8""","[object Object],[object Object]",,Mike Cann
22388,0,/wp-content/uploads/2017/08/Lake-Argyle-Dam.jpg,,AU0057 - Lake Argyle Dam,,"Taken at Lake Argyle in Western Australia.

This huge Dam over the Ord river was built in 1971 to supply the local region with both drinking water and water for irrigation.",au0057-lake-argyle-dam,2017-08-22 01:59:55,,,,99,99,,,no,None,Standard,,,,,,instock,no,Do not allow,no,,,post.php?post=22388&action=edit,,publish,Catalog/search,,,no,no,0,0,,,,,no,0,variable,http://aboveunder.com/product/au0057-lake-argyle-dam/,"type,Matte Paper Poster ;size,10"" x 8""","[object Object],[object Object]",,Mike Cann
22357,0,/wp-content/uploads/2017/08/Kununurra-Bridge.jpg,,AU0056 - Kununurra Bridge,,"Taken at Kununurra in Western Australia.

One of the many bridges spanning the wetlands around this isolated West Australian town!",au0056-kununurra-bridge,2017-08-22 01:59:35,,,,99,99,,,no,None,Standard,,,,,,instock,no,Do not allow,no,,,post.php?post=22357&action=edit,,publish,Catalog/search,,,no,no,0,0,,,,,no,0,variable,http://aboveunder.com/product/au0056-kununurra-bridge/,"type,Matte Paper Poster ;size,10"" x 8""","[object Object],[object Object]",,Mike Cann
22296,0,/wp-content/uploads/2017/08/Kununurra-5.jpg,,AU0055 - Kununurra,,"Taken at Kununurra in Western Australia.

We really enjoyed the week we spent at this isolated town in Western Australia. The water's edge was not 5m from our campsite and we were greeted with the most glorious sunrises in the morning and beautiful sunsets in the evening.",au0055-kununurra,2017-08-22 01:59:10,,,,99,99,,,no,None,Standard,,,,,,instock,no,Do not allow,no,,,post.php?post=22296&action=edit,,publish,Catalog/search,,,no,no,0,0,,,,,no,0,variable,http://aboveunder.com/product/au0055-kununurra/,"type,Matte Paper Poster ;size,10"" x 8""","[object Object],[object Object]",,Mike Cann
22235,0,/wp-content/uploads/2017/08/Bungle-5.jpg,,AU0054 - Bungle,,"Taken at the Bungle Bungles in Western Australia.

These stunning sandstone rock formations rise up out of the scrub landscape to create these beautiful structures.",au0054-bungle,2017-08-22 01:58:42,,,,99,99,,,no,None,Standard,,,,,,instock,no,Do not allow,no,,,post.php?post=22235&action=edit,,publish,Catalog/search,,,no,no,0,0,,,,,no,0,variable,http://aboveunder.com/product/au0054-bungle/,"type,Matte Paper Poster ;size,10"" x 8""","[object Object],[object Object]",,Mike Cann
22204,0,/wp-content/uploads/2017/08/Wolfe-Creek-Crater.jpg,,AU0053 - Wolfe Creek Crater,,"Taken at Wolfe Creek in Western Australia.

This enormous 800m wide crater was formed when a massive meteorite smashed into the ground 300,000 years ago.",au0053-wolfe-creek-crater,2017-08-22 01:58:22,,,,99,99,,,no,None,Standard,,,,,,instock,no,Do not allow,no,,,post.php?post=22204&action=edit,,publish,Catalog/search,,,no,no,0,0,,,,,no,0,variable,http://aboveunder.com/product/au0053-wolfe-creek-crater/,"type,Matte Paper Poster ;size,10"" x 8""","[object Object],[object Object]",,Mike Cann
22143,0,/wp-content/uploads/2017/08/Willie-Creek-Sands-1.jpg,,AU0052 - Willie Creek Sands,,"Taken at Willie Creek in Western Australia.

I just love geometrical patterns and this really caught my eye. It almost looks like bacterial division in a petri dish.",au0052-willie-creek-sands,2017-08-22 01:58:08,,,,99,99,,,yes,None,Standard,,,,,,instock,no,Do not allow,no,,,post.php?post=22143&action=edit,,publish,Catalog/search,,,no,no,0,0,,,,,no,0,variable,http://aboveunder.com/product/au0052-willie-creek-sands/,"type,Matte Paper Poster ;size,10"" x 8""","[object Object],[object Object]",,Mike Cann
22112,0,/wp-content/uploads/2017/08/Willie-Creek-Rainbow-1.jpg,,AU0051 - Willie Creek Rainbow,,"Taken at Willie Creek in Western Australia.

A fluke of light causing a rainbow effect of the sand and waters.",au0051-willie-creek-rainbow,2017-08-22 01:57:44,,,,99,99,,,yes,None,Standard,,,,,,instock,no,Do not allow,no,,,post.php?post=22112&action=edit,,publish,Catalog/search,,,no,no,0,0,,,,,no,0,variable,http://aboveunder.com/product/au0051-willie-creek-rainbow/,"type,Matte Paper Poster ;size,10"" x 8""","[object Object],[object Object]",,Mike Cann
22051,0,/wp-content/uploads/2017/08/Willie-Creek-Standout-1.jpg,,AU0050 - Willie Creek Standout,,"Taken at Willie Creek just outside Broome in Western Australia.

This standalone tree on this rocky outcrop over the stark blue waters really caught my eye.",au0050-willie-creek-standout,2017-08-22 01:57:24,,,,99,99,,,yes,None,Standard,,,,,,instock,no,Do not allow,no,,,post.php?post=22051&action=edit,,publish,Catalog/search,,,no,no,0,0,,,,,no,0,variable,http://aboveunder.com/product/au0050-willie-creek-standout/,"type,Matte Paper Poster ;size,10"" x 8""","[object Object],[object Object]",,Mike Cann
22020,0,/wp-content/uploads/2017/08/Willie-Creek-Head-1.jpg,,AU0049 - Willie Creek Head,,"Taken at Willie Creek just outside Broome in Western Australia.

Is it the head of the statue of liberty, is it homers head? No one quite knows.",au0049-willie-creek-head,2017-08-22 01:57:13,,,,99,99,,,no,None,Standard,,,,,,instock,no,Do not allow,no,,,post.php?post=22020&action=edit,,publish,Catalog/search,,,no,no,0,0,,,,,no,0,variable,http://aboveunder.com/product/au0049-willie-creek-head/,"type,Matte Paper Poster ;size,10"" x 8""","[object Object],[object Object]",,Mike Cann
21959,0,/wp-content/uploads/2017/08/Willie-Creek-Pearl-Farm-1.jpg,,AU0048 - Willie Creek Pearl Farm,,"Taken at Willie Creek just outside Broome in Western Australia.

This working pearl farm is situated in a rather idyllic location on the edge of the beautiful creek.",au0048-willie-creek-pearl-farm,2017-08-22 01:56:47,,,,99,99,,,no,None,Standard,,,,,,instock,no,Do not allow,no,,,post.php?post=21959&action=edit,,publish,Catalog/search,,,no,no,0,0,,,,,no,0,variable,http://aboveunder.com/product/au0048-willie-creek-pearl-farm/,"type,Matte Paper Poster ;size,10"" x 8""","[object Object],[object Object]",,Mike Cann
21928,0,/wp-content/uploads/2017/08/Middle-Lagoon-Islets-1.jpg,,AU0047 - Middle Lagoon Islets,,"Taken at Middle Lagoon in Western Australia.

So many mosquitos, fortunately the cute little bay and incredible tide made up for that fact.",au0047-middle-lagoon-islets,2017-08-22 01:56:24,,,,99,99,,,no,None,Standard,,,,,,instock,no,Do not allow,no,,,post.php?post=21928&action=edit,,publish,Catalog/search,,,no,no,0,0,,,,,no,0,variable,http://aboveunder.com/product/au0047-middle-lagoon-islets/,"type,Matte Paper Poster ;size,10"" x 8""","[object Object],[object Object]",,Mike Cann
21867,0,/wp-content/uploads/2017/08/Cygnet-Bay-Loner-1.jpg,,AU0046 - Cygnet Bay Loner,,"Taken at Cygnet Bay in Western Australia.

The famous working pearl farm. Unfortunately it was an overcast and gloomy day when we were there, I felt this tree stranded at low tide summed up the mood.",au0046-cygnet-bay-loner,2017-08-22 01:55:56,,,,99,99,,,no,None,Standard,,,,,,instock,no,Do not allow,no,,,post.php?post=21867&action=edit,,publish,Catalog/search,,,no,no,0,0,,,,,no,0,variable,http://aboveunder.com/product/au0046-cygnet-bay-loner/,"type,Matte Paper Poster ;size,10"" x 8""","[object Object],[object Object]",,Mike Cann
21836,0,/wp-content/uploads/2017/08/Cape-Leveque-Painted-Rocks-1.jpg,,AU0045 - Cape Leveque Painted Rocks,,"Taken at Cape Leveque just outside Broome in Western Australia.

I just love the way that some of these rocks have taken on the red tint of the surrounding sandstone and the beautiful red glow from the surrounding sunset.",au0045-cape-leveque-painted-rocks,2017-08-22 01:55:36,,,,99,99,,,no,None,Standard,,,,,,instock,no,Do not allow,no,,,post.php?post=21836&action=edit,,publish,Catalog/search,,,no,no,0,0,,,,,no,0,variable,http://aboveunder.com/product/au0045-cape-leveque-painted-rocks/,"type,Matte Paper Poster ;size,10"" x 8""","[object Object],[object Object]",,Mike Cann
21775,0,/wp-content/uploads/2017/08/Cape-Leveque-Lighthouse-1.jpg,,AU0044 - Cape Leveque Lighthouse,,"Taken at Sunset in Cape Leveque in Western Australia.

The working lighthouse at Cape Leveque. Not sure how many ships still need lighthouses but pretty cool nonetheless.",au0044-cape-leveque-lighthouse,2017-08-22 01:55:08,,,,99,99,,,no,None,Standard,,,,,,instock,no,Do not allow,no,,,post.php?post=21775&action=edit,,publish,Catalog/search,,,no,no,0,0,,,,,no,0,variable,http://aboveunder.com/product/au0044-cape-leveque-lighthouse/,"type,Matte Paper Poster ;size,10"" x 8""","[object Object],[object Object]",,Mike Cann
21744,0,/wp-content/uploads/2017/08/Cape-Leveque-at-Sunset-1.jpg,,AU0043 - Cape Leveque at Sunset,,"Taken at Sunset in Cape Leveque in Western Australia.

A lone wanderer taken an evening stroll on a beautiful beach in WA.",au0043-cape-leveque-at-sunset,2017-08-22 01:54:48,,,,99,99,,,no,None,Standard,,,,,,instock,no,Do not allow,no,,,post.php?post=21744&action=edit,,publish,Catalog/search,,,no,no,0,0,,,,,no,0,variable,http://aboveunder.com/product/au0043-cape-leveque-at-sunset/,"type,Matte Paper Poster ;size,10"" x 8""","[object Object],[object Object]",,Mike Cann
21683,0,/wp-content/uploads/2017/08/Cape-Leveque-Waters-1.jpg,,AU0042 - Cape Leveque Waters,,"Taken at Cape Leveque just outside Broome in Western Australia.

The beautiful waters and the unique deep red rocks make this a special place.",au0042-cape-leveque-waters,2017-08-22 01:54:20,,,,99,99,,,no,None,Standard,,,,,,instock,no,Do not allow,no,,,post.php?post=21683&action=edit,,publish,Catalog/search,,,no,no,0,0,,,,,no,0,variable,http://aboveunder.com/product/au0042-cape-leveque-waters/,"type,Matte Paper Poster ;size,10"" x 8""","[object Object],[object Object]",,Mike Cann
21652,0,/wp-content/uploads/2017/08/Cape-Leveque-Diagonol-1.jpg,,AU0041 - Cape Leveque Diagonol,,"Taken at Cape Leveque just outside Broome in Western Australia.

Yet another example of the stunning red cliffs and beautiful blue waters in this part of WA.",au0041-cape-leveque-diagonol,2017-08-22 01:53:57,,,,99,99,,,yes,None,Standard,,,,,,instock,no,Do not allow,no,,,post.php?post=21652&action=edit,,publish,Catalog/search,,,no,no,0,0,,,,,no,0,variable,http://aboveunder.com/product/au0041-cape-leveque-diagonol/,"type,Matte Paper Poster ;size,10"" x 8""","[object Object],[object Object]",,Mike Cann
21600,0,/wp-content/uploads/2017/08/James-Price-Point-Crumbles-Away-1.jpg,,AU0040 - James Price Point Crumbles Away,,"Taken at James Price Point in Western Australia.

From the drones perspective high up you can really get a sense of how the erosion here is slowly eating away at the land and giving way to the beach. Some point in the not to distant future that road will have to be moved.",au0040-james-price-point-crumbles-away,2017-08-22 01:51:15,,,,99,99,,,no,None,Standard,,,,,,instock,no,Do not allow,no,,,post.php?post=21600&action=edit,,publish,Catalog/search,,,no,no,0,0,,,,,no,0,variable,http://aboveunder.com/product/au0040-james-price-point-crumbles-away/,"type,Matte Paper Poster ;size,10"" x 8""","[object Object],[object Object]",,Mike Cann
21539,0,/wp-content/uploads/2017/08/James-Price-Point-Fire-Wave-Vertical-1.jpg,,AU0039 - James Price Point Fire Wave - Vertical,,"Taken at James Price Point in Western Australia.

From high up the road and incredible rocks form these beautiful curves and flame like tendrils. I simply love how these things look from the birds eye perspective.",au0039-james-price-point-fire-wave-vertical,2017-08-22 01:50:44,,,,99,99,,,yes,None,Standard,,,,,,instock,no,Do not allow,no,,,post.php?post=21539&action=edit,,publish,Catalog/search,,,no,no,0,0,,,,,no,0,variable,http://aboveunder.com/product/au0039-james-price-point-fire-wave-vertical/,"type,Matte Paper Poster ;size,10"" x 8""","[object Object],[object Object]",,Mike Cann
21508,0,/wp-content/uploads/2017/08/James-Price-Point-Fire-Wave-Horizontal-1.jpg,,AU0038 - James Price Point Fire Wave - Horizontal,,"Taken at James Price Point in Western Australia.

From high up the road and incredible rocks form these beautiful curves and flame like tendrils. I simply love how these things look from the birds eye perspective.",au0038-james-price-point-fire-wave-horizontal,2017-08-22 01:50:22,,,,99,99,,,no,None,Standard,,,,,,instock,no,Do not allow,no,,,post.php?post=21508&action=edit,,publish,Catalog/search,,,no,no,0,0,,,,,no,0,variable,http://aboveunder.com/product/au0038-james-price-point-fire-wave-horizontal/,"type,Matte Paper Poster ;size,10"" x 8""","[object Object],[object Object]",,Mike Cann
21447,0,/wp-content/uploads/2017/08/James-Price-Point-Fire-Cracks-2.jpg,,AU0037 - James Price Point Fire Cracks,,"Taken somewhere down James Price Point in Western Australia.

The soft sandstone plus heavy rains makes for some incredibly impressive rock formations when observed from above.!",au0037-james-price-point-fire-cracks,2017-08-22 01:49:57,,,,99,99,,,no,None,Standard,,,,,,instock,no,Do not allow,no,,,post.php?post=21447&action=edit,,publish,Catalog/search,,,no,no,0,0,,,,,no,0,variable,http://aboveunder.com/product/au0037-james-price-point-fire-cracks/,"type,Matte Paper Poster ;size,10"" x 8""","[object Object],[object Object]",,Mike Cann
21416,0,/wp-content/uploads/2017/08/James-Price-Point-Diagonal-1.jpg,,AU0036 - James Price Point Diagonal,,"Taken somewhere down James Price Point in Western Australia.

Stunning red cliffs and beautiful waters make for a great photo in this beautiful part of the world.",au0036-james-price-point-diagonal,2017-08-22 01:49:32,,,,99,99,,,no,None,Standard,,,,,,instock,no,Do not allow,no,,,post.php?post=21416&action=edit,,publish,Catalog/search,,,no,no,0,0,,,,,no,0,variable,http://aboveunder.com/product/au0036-james-price-point-diagonal/,"type,Matte Paper Poster ;size,10"" x 8""","[object Object],[object Object]",,Mike Cann
21355,0,/wp-content/uploads/2017/08/Gantheaume-Point-Light-Side-1.jpg,,AU0035 - Gantheaume Point Light Side,,"Taken at Gantheaume Point just outside Broome in Western Australia.

Taken at the other side of the point in the early morning this one provides a different set of shadows and a different feeling to the dark side variant.",au0035-gantheaume-point-light-side,2017-08-22 01:49:04,,,,99,99,,,yes,None,Standard,,,,,,instock,no,Do not allow,no,,,post.php?post=21355&action=edit,,publish,Catalog/search,,,no,no,0,0,,,,,no,0,variable,http://aboveunder.com/product/au0035-gantheaume-point-light-side/,"type,Matte Paper Poster ;size,10"" x 8""","[object Object],[object Object]",,Mike Cann
21294,0,/wp-content/uploads/2017/08/Gantheaume-Point-Rocks-1.jpg,,AU0034 - Gantheaume Point Rocks,,"Taken at Gantheaume Point just outside Broome in Western Australia.

I just love how the colours of the rocks change as they slip into the dark blue waters.",au0034-gantheaume-point-rocks,2017-08-22 01:48:38,,,,99,99,,,no,None,Standard,,,,,,instock,no,Do not allow,no,,,post.php?post=21294&action=edit,,publish,Catalog/search,,,no,no,0,0,,,,,no,0,variable,http://aboveunder.com/product/au0034-gantheaume-point-rocks/,"type,Matte Paper Poster ;size,10"" x 8""","[object Object],[object Object]",,Mike Cann
21263,0,/wp-content/uploads/2017/08/Gantheaume-Point-Dark-Side-1.jpg,,AU0033 - Gantheaume Point Dark Side,,"Taken at Gantheaume Point just outside Broome in Western Australia.

I love the stunning contrast between the red dirt and blue ocean in this part of the world.",au0033-gantheaume-point-dark-side,2017-08-22 01:48:18,,,,99,99,,,no,None,Standard,,,,,,instock,no,Do not allow,no,,,post.php?post=21263&action=edit,,publish,Catalog/search,,,no,no,0,0,,,,,no,0,variable,http://aboveunder.com/product/au0033-gantheaume-point-dark-side/,"type,Matte Paper Poster ;size,10"" x 8""","[object Object],[object Object]",,Mike Cann
21202,0,/wp-content/uploads/2017/08/Gantheaume-Point-1.jpg,,AU0032 - Gantheaume Point,,"Taken at Gantheaume Point in Western Australia.

This point is right at the edge of town and offers jagged rocks which are popular cliff jumpers much to the annoyance of the locals.",au0032-gantheaume-point,2017-08-22 01:47:47,,,,99,99,,,yes,None,Standard,,,,,,instock,no,Do not allow,no,,,post.php?post=21202&action=edit,,publish,Catalog/search,,,no,no,0,0,,,,,no,0,variable,http://aboveunder.com/product/au0032-gantheaume-point/,"type,Matte Paper Poster ;size,10"" x 8""","[object Object],[object Object]",,Mike Cann
21171,0,/wp-content/uploads/2017/08/Cable-Beach-Sunset-1.jpg,,AU0031 - Cable Beach Sunset,,"Taken on Cable Beach in Broome, Western Australia.

I was found it difficult to capture the stunning colours of the setting sun until I decided to fly out over the water towards the sun and direct the camera back at the beach and the reflecting cloud.",au0031-cable-beach-sunset,2017-08-22 01:47:38,,,,99,99,,,no,None,Standard,,,,,,instock,no,Do not allow,no,,,post.php?post=21171&action=edit,,publish,Catalog/search,,,no,no,0,0,,,,,no,0,variable,http://aboveunder.com/product/au0031-cable-beach-sunset/,"type,Matte Paper Poster ;size,10"" x 8""","[object Object],[object Object]",,Mike Cann
21110,0,/wp-content/uploads/2017/08/Eighty-Mile-Low-Tide-1.jpg,,AU0030 - Eighty Mile Low Tide,,"Taken at sunset at Eighty Mile Beach in Western Australia.

The tides in this part of the world are pretty extreme which can make for some impressive beach and sand landscapes.",au0030-eighty-mile-low-tide,2017-08-22 01:47:04,,,,99,99,,,no,None,Standard,,,,,,instock,no,Do not allow,no,,,post.php?post=21110&action=edit,,publish,Catalog/search,,,no,no,0,0,,,,,no,0,variable,http://aboveunder.com/product/au0030-eighty-mile-low-tide/,"type,Matte Paper Poster ;size,10"" x 8""","[object Object],[object Object]",,Mike Cann
21079,0,/wp-content/uploads/2017/08/Eighty-Mile-Sunset-1.jpg,,AU0029 - Eighty Mile Sunset,,"Taken at Eighty Mile Beach in Western Australia

Just another evening at this huge stretch of sand and water in beautiful WA.",au0029-eighty-mile-sunset,2017-08-22 01:46:41,,,,99,99,,,no,None,Standard,,,,,,instock,no,Do not allow,no,,,post.php?post=21079&action=edit,,publish,Catalog/search,,,no,no,0,0,,,,,no,0,variable,http://aboveunder.com/product/au0029-eighty-mile-sunset/,"type,Matte Paper Poster ;size,10"" x 8""","[object Object],[object Object]",,Mike Cann
21018,0,/wp-content/uploads/2017/08/Mount-Herbert.jpg,,AU0027 - Mount Herbert,,"Taken near Millstream in the Pilbra, Western Australia.",au0027-mount-herbert,2017-08-22 01:46:28,,,,99,99,,,no,None,Standard,,,,,,instock,no,Do not allow,no,,,post.php?post=21018&action=edit,,publish,Catalog/search,,,no,no,0,0,,,,,no,0,variable,http://aboveunder.com/product/au0027-mount-herbert/,"type,Matte Paper Poster ;size,10"" x 8""","[object Object],[object Object]",,Mike Cann
20987,0,/wp-content/uploads/2017/08/Karrijini-Trains.jpg,,AU0026 - Karijini Trains,,"Taken somewhere in the Pilbara near Karijini in Western Australia.

Ore trains are a common enough sight in this part of the world but that fact doesn’t at all lessen the amazing site of seeing these kilometer long behemoths from transporting their load for hundreds of kilometers.",au0026-karijini-trains,2017-08-22 01:46:04,,,,99,99,,,no,None,Standard,,,,,,instock,no,Do not allow,no,,,post.php?post=20987&action=edit,,publish,Catalog/search,,,no,no,0,0,,,,,no,0,variable,http://aboveunder.com/product/au0026-karijini-trains/,"type,Matte Paper Poster ;size,10"" x 8""","[object Object],[object Object]",,Mike Cann
20926,0,/wp-content/uploads/2017/08/Karijini-Eco-Retreat.jpg,,AU0025 - Karijini Eco Retreat,,"Taken at sunset from just outside the Eco Retreat in Karijini National Park.

This is a simply stunning part of the world with a beautiful eco retreat placed right in the middle. If you ever make it out here you have to stop in and have their chocolate tart, incredible!",au0025-karijini-eco-retreat,2017-08-22 01:45:32,,,,99,99,,,no,None,Standard,,,,,,instock,no,Do not allow,no,,,post.php?post=20926&action=edit,,publish,Catalog/search,,,no,no,0,0,,,,,no,0,variable,http://aboveunder.com/product/au0025-karijini-eco-retreat/,"type,Matte Paper Poster ;size,10"" x 8""","[object Object],[object Object]",,Mike Cann
20895,0,/wp-content/uploads/2017/08/Hancock-Gorge.jpg,,AU0024 - Hancock Gorge,,"The gorges of Karijini in Western Australia are simply stunning but hard to capture in all their beauty from above.

I liked this shot because its not immediately obvious at first what you are looking at then you begin to notice the details the more you stare.",au0024-hancock-gorge,2017-08-22 01:45:13,,,,99,99,,,no,None,Standard,,,,,,instock,no,Do not allow,no,,,post.php?post=20895&action=edit,,publish,Catalog/search,,,no,no,0,0,,,,,no,0,variable,http://aboveunder.com/product/au0024-hancock-gorge/,"type,Matte Paper Poster ;size,10"" x 8""","[object Object],[object Object]",,Mike Cann
20834,0,/wp-content/uploads/2017/08/Dales-Gorge.jpg,,AU0023 - Dales Gorge,,"Taken far above one of the most spectacular gorges of Karijini in Western Australia.

You can really get a sense of the scale of these gorges and the strange contrast they have with the mostly flat surrounding landscape.",au0023-dales-gorge,2017-08-22 01:44:47,,,,99,99,,,no,None,Standard,,,,,,instock,no,Do not allow,no,,,post.php?post=20834&action=edit,,publish,Catalog/search,,,no,no,0,0,,,,,no,0,variable,http://aboveunder.com/product/au0023-dales-gorge/,"type,Matte Paper Poster ;size,10"" x 8""","[object Object],[object Object]",,Mike Cann
20803,0,/wp-content/uploads/2017/08/Hamelin-Pool.jpg,,AU0022 - Hamelin Pool,,"This stunning sight was captured at the Stromatolites Walkway at Hamelin Pool in Shark Bay, Western Australia.

The wind completely died for us right at sunset which created these beautifully calm surface to the crystal clear water.

When the sunset we were treated to some incredible colours as they refracted and reflected from the water. That combined with the amazing Stromatolites made for a special moment.",au0022-hamelin-pool,2017-08-22 01:44:27,,,,99,99,,,yes,None,Standard,,,,,,instock,no,Do not allow,no,,,post.php?post=20803&action=edit,,publish,Catalog/search,,,no,no,0,0,,,,,no,0,variable,http://aboveunder.com/product/au0022-hamelin-pool/,"type,Matte Paper Poster ;size,10"" x 8""","[object Object],[object Object]",,Mike Cann
20742,0,/wp-content/uploads/2017/08/Hamelin-Pool-Stromatolites.jpg,,AU0021 - Hamelin Pool Stromatolites,,"We took this image at the crystal clear waters of Hamelin Pool in Shark Bay, Western Australia.

The Stomatolites are extremophile bacteria that are able to live where other lifeforms cannot. In this case in the hot, salty waters of Hamelin Pool. They form these incredible rock-like structures that the fish seem to enjoy swimming between.

We were very lucky to have visited when there was no wind which allowed us to capture this image from the drone through the water and get no reflection or refractions from ripples.",au0021-hamelin-pool-stromatolites,2017-08-22 01:43:59,,,,99,99,,,yes,None,Standard,,,,,,instock,no,Do not allow,no,,,post.php?post=20742&action=edit,,publish,Catalog/search,,,no,no,0,0,,,,,no,0,variable,http://aboveunder.com/product/au0021-hamelin-pool-stromatolites/,"type,Matte Paper Poster ;size,10"" x 8""","[object Object],[object Object]",,Mike Cann
16997,0,/wp-content/uploads/2017/08/Nanga-Beach.jpg,,AU0020 - Nanga Beach,,"This shot was taken at Nanga in Western Australia.

Although there as a fair bit of seaweed at the waters edge at this beach the view from above was stunning particular combined with the late evening lighting.",au0020-nanga-beach,2017-08-21 13:13:04,,,,99,99,,,no,None,Standard,,,,,,instock,no,Do not allow,no,,,post.php?post=16997&action=edit,,publish,Catalog/search,,,no,no,0,0,,,,,no,0,variable,http://aboveunder.com/product/au0020-nanga-beach/,"type,Matte Paper Poster ;size,10"" x 8""","[object Object],[object Object]",,Mike Cann
16940,0,/wp-content/uploads/2017/08/Shell-Beach-Water.jpg,,AU0019 - Shell Beach Water,,"This shot was taken of the crystal clear waters of Shell Beach in Western Australia.

Its hard show off a beach that is made famous by being composed entirely by trillions of tiny shells with a drone. The waters however were super clear and shallow so when taken at a particular time of the day with particular wind conditions you end up with this stunning play of light and water on the white Shelly sand.",au0019-shell-beach-water,2017-08-21 13:11:53,,,,99,99,,,no,None,Standard,,,,,,instock,no,Do not allow,no,,,post.php?post=16940&action=edit,,publish,Catalog/search,,,no,no,0,0,,,,,no,0,variable,http://aboveunder.com/product/au0019-shell-beach-water/,"type,Matte Paper Poster ;size,10"" x 8""","[object Object],[object Object]",,Mike Cann
16879,0,/wp-content/uploads/2017/08/Monkey-Mia-Boats.jpg,,AU0018 - Monkey Mia Boats,,"This shot was taken above Monkey Mia in Shark Bay, Western Australia.",au0018-monkey-mia-boats,2017-08-21 13:11:31,,,,99,99,,,no,None,Standard,,,,,,instock,no,Do not allow,no,,,post.php?post=16879&action=edit,,publish,Catalog/search,,,no,no,0,0,,,,,no,0,variable,http://aboveunder.com/product/au0018-monkey-mia-boats/,"type,Matte Paper Poster ;size,10"" x 8""","[object Object],[object Object]",,Mike Cann
16848,0,/wp-content/uploads/2017/08/Monkey-Mia.jpg,,AU0017 - Monkey Mia,,"This shot was taken above Monkey Mia in Shark Bay, Western Australia.

Monkey Mia is definitely a popular tourist destination for people visiting Western Australia but to me its true beauty can only really be appreciated from above!",au0017-monkey-mia,2017-08-21 13:11:10,,,,99,99,,,no,None,Standard,,,,,,instock,no,Do not allow,no,,,post.php?post=16848&action=edit,,publish,Catalog/search,,,no,no,0,0,,,,,no,0,variable,http://aboveunder.com/product/au0017-monkey-mia/,"type,Matte Paper Poster ;size,10"" x 8""","[object Object],[object Object]",,Mike Cann
16787,0,/wp-content/uploads/2017/08/Monkey-Mia-Beach.jpg,,AU0016 - Monkey Mia Beach,,"This shot was taken above Monkey Mia in Shark Bay, Western Australia.",au0016-monkey-mia-beach,2017-08-21 13:10:39,,,,99,99,,,no,None,Standard,,,,,,instock,no,Do not allow,no,,,post.php?post=16787&action=edit,,publish,Catalog/search,,,no,no,0,0,,,,,no,0,variable,http://aboveunder.com/product/au0016-monkey-mia-beach/,"type,Matte Paper Poster ;size,10"" x 8""","[object Object],[object Object]",,Mike Cann
16756,0,/wp-content/uploads/2017/08/Red-Sands-of-Shark-Bay.jpg,,AU0015 - Red Sands of Shark Bay,,"This image was taken near Big Lagoon of Shark Bay in Western Australia.

I just really like how the red dirt contrasts against the green water.",au0015-red-sands-of-shark-bay,2017-08-21 13:10:15,,,,99,99,,,no,None,Standard,,,,,,instock,no,Do not allow,no,,,post.php?post=16756&action=edit,,publish,Catalog/search,,,no,no,0,0,,,,,no,0,variable,http://aboveunder.com/product/au0015-red-sands-of-shark-bay/,"type,Matte Paper Poster ;size,10"" x 8""","[object Object],[object Object]",,Mike Cann
16695,0,/wp-content/uploads/2017/08/Salt-Lake-Dragon.jpg,,AU0014 - Salt Lake Dragon,,"Taken at the large salt lakes just outside Kalbarri in Western Australia.

This was a really interesting formation presumably created after the last heavy rainfall, only visible when taken from above!",au0014-salt-lake-dragon,2017-08-21 13:09:39,,,,99,99,,,yes,None,Standard,,,,,,instock,no,Do not allow,no,,,post.php?post=16695&action=edit,,publish,Catalog/search,,,no,no,0,0,,,,,no,0,variable,http://aboveunder.com/product/au0014-salt-lake-dragon/,"type,Matte Paper Poster ;size,10"" x 8""","[object Object],[object Object]",,Mike Cann
16664,0,/wp-content/uploads/2017/08/Salt-Lake-Notch-Horizontal.jpg,,AU0013 - Salt Lake Notch (Horizontal),,"Taken at the vast salt lakes just south of Kalbarri in Western Australia.

There was a whole series of these notches long the length of these immense square salt lakes.

The pink water (caused by extremophile bacteria living in it) creates an impressive stark contrast to the white, sandy dirt around it, only truly appreciated from above!",au0013-salt-lake-notch-horizontal,2017-08-21 13:09:13,,,,99,99,,,no,None,Standard,,,,,,instock,no,Do not allow,no,,,post.php?post=16664&action=edit,,publish,Catalog/search,,,no,no,0,0,,,,,no,0,variable,http://aboveunder.com/product/au0013-salt-lake-notch-horizontal/,"type,Matte Paper Poster ;size,10"" x 8""","[object Object],[object Object]",,Mike Cann
16603,0,/wp-content/uploads/2017/08/Salt-Lake-Notch-Vertical.jpg,,AU0012 - Salt Lake Notch (Vertical),,"Taken at the vast salt lakes just south of Kalbarri in Western Australia. There was a whole series of these notches long the length of these immense square salt lakes.

The pink water (caused by extremophile bacteria living in it) creates an impressive stark contrast to the white, sandy dirt around it, only truly appreciated from above!",au0012-salt-lake-notch-vertical,2017-08-21 13:08:43,,,,99,99,,,no,None,Standard,,,,,,instock,no,Do not allow,no,,,post.php?post=16603&action=edit,,publish,Catalog/search,,,no,no,0,0,,,,,no,0,variable,http://aboveunder.com/product/au0012-salt-lake-notch-vertical/,"type,Matte Paper Poster ;size,10"" x 8""","[object Object],[object Object]",,Mike Cann
16572,0,/wp-content/uploads/2017/08/Vast-Kalbarri-Salt-Lakes.jpg,,AU0011 - Vast Kalbarri Salt Lakes,,"Taken 40kms south of Kalbarri in Western Australia.

These immense lakes are quite a sight to behold particularly when taken from the perspective of the drone.

The pink water (caused by extremophile bacteria living in it), white sandy dirt and the unnaturally straight line that divides them makes this shot a standout for me.",au0011-vast-kalbarri-salt-lakes,2017-08-21 13:08:22,,,,99,99,,,no,None,Standard,,,,,,instock,no,Do not allow,no,,,post.php?post=16572&action=edit,,publish,Catalog/search,,,no,no,0,0,,,,,no,0,variable,http://aboveunder.com/product/au0011-vast-kalbarri-salt-lakes/,"type,Matte Paper Poster ;size,10"" x 8""","[object Object],[object Object]",,Mike Cann
16511,0,/wp-content/uploads/2017/08/Kalbarri-Coast.jpg,,AU0010 - Kalbarri Coast,,"Taken close to Mushroom Rock a few K’s south of Kalbarri in Western Australia.

There are so many interesting rock formations around Kalbarri its hard to choose one to highlight but I just loved the vibrancy of the red rock and blue water buffered by the white wash in this shot.",au0010-kalbarri-coast,2017-08-21 13:07:48,,,,99,99,,,no,None,Standard,,,,,,instock,no,Do not allow,no,,,post.php?post=16511&action=edit,,publish,Catalog/search,,,no,no,0,0,,,,,no,0,variable,http://aboveunder.com/product/au0010-kalbarri-coast/,"type,Matte Paper Poster ;size,10"" x 8""","[object Object],[object Object]",,Mike Cann
16450,0,/wp-content/uploads/2017/08/Kalbarri-Rocks.jpg,,AU0009 - Kalbarri Rocks,,"Taken at sunrise in the bay just outside Kalbarri in Western Australia.

I took lots of shots this morning but unfortunately most of them came out blurry, this one I liked however due to the small details in the rocks and blue water from the ocean.",au0009-kalbarri-rocks,2017-08-21 13:07:18,,,,99,99,,,no,None,Standard,,,,,,instock,no,Do not allow,no,,,post.php?post=16450&action=edit,,publish,Catalog/search,,,no,no,0,0,,,,,no,0,variable,http://aboveunder.com/product/au0009-kalbarri-rocks/,"type,Matte Paper Poster ;size,10"" x 8""","[object Object],[object Object]",,Mike Cann
16419,0,/wp-content/uploads/2017/08/Lancelin-Dune-People.jpg,,AU0008 - Lancelin Dune People,,"A sand dune in Lancelin, Western Australia. I love the way the shadows on the people and the dune draw the eye in.",au0008-lancelin-dune-people,2017-08-21 13:06:55,,,,99,99,,,no,None,Standard,,,,,,instock,no,Do not allow,no,,,post.php?post=16419&action=edit,,publish,Catalog/search,,,no,no,0,0,,,,,no,0,variable,http://aboveunder.com/product/au0008-lancelin-dune-people/,"type,Matte Paper Poster ;size,10"" x 8""","[object Object],[object Object]",,Mike Cann
16358,0,/wp-content/uploads/2017/08/Lancelin-Dune-Lady.jpg,,AU0007 - Lancelin Dune Lady,,A relaxing meditation on a dune in Lancelin in Western Australia,au0007-lancelin-dune-lady,2017-08-21 13:06:08,,,,99,99,,,no,None,Standard,,,,,,instock,no,Do not allow,no,,,post.php?post=16358&action=edit,,publish,Catalog/search,,,no,no,0,0,,,,,no,0,variable,http://aboveunder.com/product/au0007-lancelin-dune-lady/,"type,Matte Paper Poster ;size,10"" x 8""","[object Object],[object Object]",,Mike Cann
16327,0,/wp-content/uploads/2017/08/Lancelin-Dune.jpg,,AU0006 - Lancelin Dune,,A massive dune out at Lancelin in West Australia. Great fun to climb up and jump off!,au0006-lancelin-dune,2017-08-21 13:05:48,,,,99,99,,,no,None,Standard,,,,,,instock,no,Do not allow,no,,,post.php?post=16327&action=edit,,publish,Catalog/search,,,no,no,0,0,,,,,no,0,variable,http://aboveunder.com/product/au0006-lancelin-dune/,"type,Matte Paper Poster ;size,10"" x 8""","[object Object],[object Object]",,Mike Cann
16266,0,/wp-content/uploads/2017/08/Flinders_Bay_Augusta_Kite_Surfer-1.jpg,,AU0005 - Flinders Bay Augusta Kite Surfer,,A beautiful sunny day in South West Australia. Flinders Bay is a windy spot in Augusta favored by Kite Surfers and wind sport fans.,au0005-flinders-bay-augusta-kite-surfer,2017-08-21 13:05:16,,,,99,99,,,no,None,Standard,,,,,,instock,no,Do not allow,no,,,post.php?post=16266&action=edit,,publish,Catalog/search,,,no,no,0,0,,,,,yes,0,variable,http://aboveunder.com/product/au0005-flinders-bay-augusta-kite-surfer/,"type,Matte Paper Poster ;size,10"" x 8""","[object Object],[object Object]",,Mike Cann
16235,0,/wp-content/uploads/2017/08/Flinders_Bay_Augusta-1.jpg,,AU0004 - Flinders Bay Augusta,,Flinders Bay in South West Australia is a windy location favored by Kite Surfers.,au0004-flinders-bay-augusta,2017-08-21 13:04:47,,,,99,99,,,no,None,Standard,,,,,,instock,no,Do not allow,no,,,post.php?post=16235&action=edit,,publish,Catalog/search,,,no,no,0,0,,,,,yes,0,variable,http://aboveunder.com/product/au0004-flinders-bay-augusta/,"type,Matte Paper Poster ;size,10"" x 8""","[object Object],[object Object]",,Mike Cann
16174,0,/wp-content/uploads/2017/08/Busselton_Jetty-1.jpg,,AU0003 - Busselton Jetty,,"The iconic Busselton Jetty in South West Australia. At 1.8km long it is the longest timber piled jetty in the southern hemisphere.<br>Beautiful waters at the end and around the jetty make it great for snorkeling and the at the end there is even an under water viewing area to observe the fish. <br><br>Fun fact: I took this shot while stood on the beach over 2kms away, and neglected my battery level causing me to almost loose my drone in the water when bringing it back.",au0003-busselton-jetty,2017-08-21 13:04:23,,,,99,99,,,no,None,Standard,,,,,,instock,no,Do not allow,no,,,post.php?post=16174&action=edit,,publish,Catalog/search,,,no,no,0,0,,,,,yes,0,variable,http://aboveunder.com/product/au0003-busselton-jetty/,"type,Matte Paper Poster ;size,10"" x 8""","[object Object],[object Object]",,Mike Cann
16143,0,/wp-content/uploads/2017/08/Meelup_Beach-1.jpg,,AU0002 - Meelup Beach,,"The gorgeous Meelup Beach in South West Austalia on a busy summers day over Christmas 2016.<br><br>Shallow waters clear waters and large sandy beaches make this an ideal spot for family friendly days out. We spent an entire day here playing cricket on the grass, swimming in the water and of course flying the drone.",au0002-meelup-beach,2017-08-21 13:03:50,,,,99,99,,,no,None,Standard,,,,,,instock,no,Do not allow,no,,,post.php?post=16143&action=edit,,publish,Catalog/search,,,no,no,0,0,,,,,yes,0,variable,http://aboveunder.com/product/au0002-meelup-beach/,"type,Matte Paper Poster ;size,10"" x 8""","[object Object],[object Object]",,Mike Cann
16082,0,/wp-content/uploads/2017/08/Eagle_Bay_Meelup-1.jpg,,AU0001 - Eagle Bay Meelup,,A beautiful summers day over Christmas 2016 in Meelup just north of Meelup Beach which is close to Dunsborough in South West Australia. <br><br>I love the combination of the beautiful water and red dirt.,au0001-eagle-bay-meelup,2017-08-21 13:03:11,,,,99,99,,,no,None,Standard,,,,,,instock,no,Do not allow,no,,,post.php?post=16082&action=edit,,publish,Catalog/search,,,no,no,0,0,,,,,yes,0,variable,http://aboveunder.com/product/au0001-eagle-bay-meelup/,"type,Matte Paper Poster ;size,10"" x 8""","[object Object],[object Object]",,Mike Cann